x,y,z
0.165848,-0.443222,-0.796265
0.078033,-0.421371,-0.762161
0.013031,-0.324722,-0.868103
-0.035156,-0.320938,-0.854874
0.03685,-0.297592,-0.77298
0.023239,-0.28981,-1.089798
-0.049591,-0.262299,-0.979645
-0.117462,-0.230347,-0.99411
0.029221,-0.313797,-0.973038
-0.067596,-0.254562,-0.874329
-0.085175,-0.286545,-0.932663
-0.332947,-0.406097,-0.985336
-0.399323,-0.298569,-0.877563
-0.533081,-0.267563,-0.817993
-0.660034,-0.198746,-0.753067
-0.660629,-0.006638,-0.621841
-0.677353,0.208969,-0.684937
-0.83522,0.103699,-0.707764
-0.9263,0.121689,-0.368683
-0.930374,0.303101,-0.618423
-0.724838,0.439758,-0.502365
-0.742477,0.365509,-0.535675
-0.731705,0.290131,-0.592972
-0.764633,0.378448,-0.534821
-0.760101,0.285645,-0.558701
-0.819321,0.193024,-0.662918
-0.651596,0.311523,-0.607178
-0.709412,0.369293,-0.567276
-0.681427,0.479965,-0.588699
-0.695068,0.469711,-0.467133
-0.763138,0.447174,-0.429932
-0.840744,0.445572,-0.446381
-0.793442,0.336151,-0.496017
-0.852097,0.199814,-0.424789
-0.747635,0.113144,-0.432831
-0.821915,0.100815,-0.285263
-1.076614,0.217438,-0.272079
-0.976669,-0.069214,-0.4254
-0.645432,-0.250824,-0.061676
-0.909378,-0.327377,-0.06163
-0.566208,-0.220718,-0.263611
-0.713516,-0.426361,-0.785629
-0.665634,-0.445587,-0.436096
-0.69371,-0.663147,-0.354446
-0.681168,-0.807632,-0.186951
-0.739365,-0.751038,-0.383728
-0.868286,-0.749115,-0.267136
-0.626816,-0.67453,-0.054092
-0.663254,-0.674469,-0.076355
-0.801468,-0.726868,-0.234848
-0.709167,-0.583771,-0.188889
-0.739899,-0.640717,-0.134445
-0.702759,-0.665054,-0.069504
-0.741074,-0.730423,-0.155319
-0.743729,-0.700943,-0.131027
-0.676086,-0.661194,-0.196213
-0.681946,-0.69928,-0.207718
-0.445023,-0.83165,-0.020081
-0.593048,-0.81395,-0.072617
-0.608231,-0.856796,0.046692
-0.505829,-0.954559,-0.054398
-0.501297,-0.746628,0.042862
-0.556076,-0.81308,-0.030106
-0.57135,-0.819992,-0.035217
-0.535233,-0.784271,0.040894
-0.543015,-0.861389,0.16539
-0.399704,-0.892136,0.06839
-0.452423,-0.865051,0.062714
-0.355865,-0.920349,0.014496
-0.366226,-0.878067,0.064041
-0.335251,-0.941193,0.265366
-0.332001,-0.834915,0.240372
-0.061462,-0.792496,0.201752
-1.472046,-1.212769,0.075439
-0.791168,-0.658112,-0.092804
-0.698349,-0.669968,-0.034515
-0.821732,-0.618912,0.048859
-0.714386,-0.564728,-0.177597
-0.68396,-0.706467,-0.067673
-0.729462,-0.687744,-0.10463
-0.726761,-0.648376,-0.119843
-0.737915,-0.703705,-0.101212
-0.747833,-0.708649,-0.094421
-0.799805,-0.659073,-0.080215
-0.647293,-0.805099,-0.14917
-0.680634,-0.68457,-0.2258
-0.65509,-0.722626,-0.259583
-0.650986,-0.66127,-0.38414
-0.617996,-0.692474,-0.398529
-0.655563,-0.680328,-0.375488
-0.688553,-0.654068,-0.362106
-0.645935,-0.67897,-0.365753
-0.643036,-0.652725,-0.281982
-0.693176,-0.655884,-0.307709
-0.638763,-0.716934,-0.241302
-0.668884,-0.73616,-0.315872
-0.685318,-0.718216,-0.26857
-0.722794,-0.661514,-0.198486
-0.724289,-0.68573,-0.196609
-0.710495,-0.683624,-0.1754
-0.707092,-0.674973,-0.15448
-0.701447,-0.666687,-0.167831
-0.707977,-0.669891,-0.184845
-0.682587,-0.714203,-0.234512
-0.625046,-0.730606,-0.471786
-0.704483,-0.666748,-0.266922
-0.647675,-0.660477,-0.345367
-0.636841,-0.567764,-0.373199
-0.6745,-0.645386,-0.25592
-0.710602,-0.730515,-0.363739
-0.643524,-0.659103,-0.182297
-0.750275,-0.68959,-0.048157
-0.785477,-0.742645,-0.143341
-0.735657,-0.69249,-0.254959
-0.762634,-0.663742,-0.140366
-0.698517,-0.645813,-0.1241
-0.713379,-0.627304,-0.152786
-0.724808,-0.639694,-0.113022
-0.869446,-0.765594,-0.078354
-0.730621,-0.750046,-0.048965
-0.669617,-0.704803,-0.06189
-0.719223,-0.821716,-0.084457
-0.666367,-0.631989,-0.51265
-0.64975,-0.682236,-0.214203
-0.63327,-0.656265,-0.24704
-0.59848,-0.628738,-0.264984
-0.654724,-0.642731,-0.552216
-0.805588,-0.75769,-0.412766
-0.540527,-0.559952,-0.149216
-0.719696,-0.751068,-0.096588
-0.683075,-0.717804,-0.132477
-0.647644,-0.662827,-0.267014
-0.708511,-0.677582,-0.184708
-0.777725,-0.654266,-0.189026
-0.692688,-0.681961,-0.21019
-0.922333,-0.807785,-0.078629
-0.542252,-0.665527,-0.03183
-0.721802,-0.842117,-0.098923
-0.77124,-0.689529,-0.362183
-0.626755,-0.674759,-0.255493
-0.679596,-0.642212,-0.258408
-0.599335,-0.621033,-0.463058
-0.748734,-0.626404,-0.342041
-0.739044,-0.835938,-0.366791
-0.658005,-0.603668,-0.007477
-0.814423,-0.672775,-0.095139
-0.726593,-0.66774,-0.110321
-0.64151,-0.672531,-0.10347
-0.702057,-0.675262,-0.125168
-0.819626,-0.739014,-0.264816
-0.960052,-0.863174,-0.184555
-0.582214,-0.608902,-0.020035
-0.69957,-0.657303,-0.332489
-0.619339,-0.627594,-0.357147
-0.616837,-0.678879,-0.193558
-0.617157,-0.658493,-0.484955
-0.746857,-0.590363,-0.680069
-0.92131,-0.808044,-0.366577
-0.681076,-0.652908,-0.081909
-0.698853,-0.68364,-0.060486
-0.640533,-0.670883,-0.160675
-0.642166,-0.611496,-0.15477
-0.592316,-0.692505,-0.2677
-0.8125,-0.745697,-0.207016
-0.863861,-0.895767,-0.1586
-0.72258,-0.721786,-0.130356
-0.759659,-0.620667,-0.191284
-0.724762,-0.66893,-0.283249
-0.765335,-0.576309,-0.220459
-0.678772,-0.66716,-0.199829
-0.685669,-0.726883,-0.345444
-0.708847,-0.690582,-0.172852
-0.671371,-0.747452,-0.11348
-0.712479,-0.709579,-0.011566
-0.731766,-0.645889,-0.092133
-0.751434,-0.736526,-0.067719
-0.706696,-0.769287,-0.061783
-0.701447,-0.753265,-0.058136
-0.735764,-0.73642,-0.083389
-0.695206,-0.684937,-0.079666
-0.650635,-0.743591,-0.032654
-0.693619,-0.787918,-0.378616
-0.613495,-0.728607,-0.122238
-0.582703,-0.663223,-0.312683
-0.723938,-0.62088,-0.403427
-0.766846,-0.587936,-0.540863
-0.717697,-0.732269,-0.157043
-0.675598,-0.741455,-0.005768
-0.705826,-0.704773,-0.141861
-0.666901,-0.693954,-0.13916
-0.645691,-0.767334,0.025803
-0.725769,-0.708679,-0.100723
-0.811249,-0.625717,-0.309586
-0.753235,-0.705521,-0.114441
-0.632126,-0.855927,0.008881
-0.619354,-0.794724,-0.131271
-0.542618,-0.624283,-0.650131
-0.604385,-0.68895,-0.257431
-0.636368,-0.608536,-0.518234
-0.750473,-0.648865,-0.362854
-0.848831,-0.799133,-0.390228
-0.483536,-0.606491,-0.049652
-0.734726,-0.76622,-0.194305
-0.608292,-0.696594,-0.103378
-0.625046,-0.740677,-0.16394
-0.684143,-0.768982,-0.139267
-0.750824,-0.691681,-0.174347
-0.854797,-0.904526,-0.104477
-0.417786,-0.667252,-0.082886
-0.622208,-0.81311,-0.126923
-0.528214,-0.65744,-0.303177
-0.618637,-0.657349,-0.3181
-0.629852,-0.647995,-0.403519
-0.674133,-0.70845,-0.328369
-0.64537,-0.665756,-0.431198
-0.7715,-0.859024,-0.199478
-0.517426,-0.654007,-0.013184
-0.641403,-0.759644,-0.110611
-0.629654,-0.72699,-0.134476
-0.677643,-0.754944,-0.202805
-0.677185,-0.736633,-0.105835
-0.64267,-0.71109,-0.095169
-0.718155,-0.774292,-0.103241
-0.582214,-0.790466,-0.051559
-0.588394,-0.86998,-0.25914
-0.610657,-0.779083,-0.132584
-0.613159,-0.742798,-0.234619
-0.662888,-0.71344,-0.193451
-0.594696,-0.708313,-0.129486
-0.642929,-0.737915,-0.109818
-0.652206,-0.754227,-0.148636
-0.680298,-0.723007,-0.136169
-0.641556,-0.758118,-0.139175
-0.678329,-0.730209,-0.141495
-0.642136,-0.747498,-0.143433
-0.657135,-0.74704,-0.135574
-0.66188,-0.736328,-0.161499
-0.660889,-0.739761,-0.147537
-0.644684,-0.745422,-0.146515
-0.657272,-0.738052,-0.144943
-0.65834,-0.74826,-0.140945
-0.643723,-0.736465,-0.146484
-0.663818,-0.741745,-0.149612
-0.636459,-0.75293,-0.141769
-0.657242,-0.740219,-0.148407
-0.654907,-0.730026,-0.152084
-0.647522,-0.748856,-0.149155
-0.650497,-0.754501,-0.146347
-0.64328,-0.75386,-0.135605
-0.641617,-0.750977,-0.140839
-0.647827,-0.749268,-0.141571
-0.64415,-0.747726,-0.14151
-0.648895,-0.751633,-0.142715
-0.649353,-0.74437,-0.142746
-0.660568,-0.744583,-0.148178
-0.659348,-0.747421,-0.141541
-0.658401,-0.736755,-0.147812
-0.655197,-0.737213,-0.147125
-0.664612,-0.738022,-0.152359
-0.65506,-0.741608,-0.145874
-0.65686,-0.740646,-0.147781
-0.657608,-0.740005,-0.151657
-0.652664,-0.744583,-0.151901
-0.650879,-0.745987,-0.149139
-0.649475,-0.745682,-0.148361
-0.642715,-0.743958,-0.141418
-0.645737,-0.752762,-0.144318
-0.636993,-0.763168,-0.144272
-0.62236,-0.748474,-0.131729
-0.623215,-0.768967,-0.128387
-0.591492,-0.781357,-0.119675
-0.585327,-0.772659,-0.209564
-0.630615,-0.746872,-0.141632
-0.599182,-0.765335,-0.203339
-0.623627,-0.819641,-0.145279
-0.605515,-0.824371,-0.166916
-0.561371,-0.743591,-0.25383
-0.604752,-0.711411,-0.173218
-0.609909,-0.650284,-0.093094
-0.785522,-0.932343,-0.070663
-0.727722,-0.816803,-0.110397
-0.669434,-0.798508,-0.14621
-0.353912,-0.681625,-0.251694
-0.450638,-0.713013,-0.035217
-0.756073,-1.04837,-0.15097
-0.574646,-0.94519,-0.417633
-0.476166,-0.652664,-0.098053
-0.43335,-0.518112,-0.156815
-0.610397,-0.828476,-0.036621
-0.792557,-1.024902,-0.127014
-0.693939,-0.85997,-0.115662
-0.4431,-0.594849,-0.084763
-0.322647,-0.589767,0.026611
-0.993256,-1.191742,-0.347198
-0.607971,-0.797623,-0.460815
-0.48111,-0.57254,-0.148422
-0.481277,-0.494934,-0.203522
-0.696564,-1.035706,-0.016739
-0.821198,-1.037552,-0.151917
-0.651596,-0.808624,-0.112396
-0.428726,-0.532104,0.009567
-0.521149,-0.872406,-0.025589
-0.744751,-1.105331,-0.211807
-0.537231,-0.733902,-0.385864
-0.472626,-0.546951,-0.18808
-0.46373,-0.432938,-0.222458
-0.725082,-1.04657,-0.024216
-0.73909,-0.969513,-0.17128
-0.529037,-0.720581,-0.098404
-0.489075,-0.5755,0.023804
-0.527985,-0.798889,-0.004684
-0.916672,-1.285263,-0.29451
-0.634842,-0.763763,-0.36937
-0.504456,-0.574493,-0.217438
-0.462296,-0.466064,-0.243652
-0.609818,-0.8638,0.021118
-0.848526,-1.167587,-0.089172
-0.605423,-0.800034,-0.121307
-0.390915,-0.609619,0.020294
-0.484131,-0.686356,-0.032303
-0.869919,-1.168152,-0.161972
-0.435089,-0.849701,-0.554718
-0.496521,-0.594894,-0.056671
-0.580917,-0.668396,-0.31044
-0.591965,-0.953384,0.085831
-0.821381,-1.077484,-0.201508
-0.547394,-0.68541,-0.030563
-0.432816,-0.451523,-0.084473
-0.654572,-0.73645,0.060699
-0.780457,-1.140839,-0.2034
-0.626099,-0.73378,-0.851273
-0.521362,-0.671082,-0.185745
-0.49527,-0.596329,-0.027496
-0.597504,-0.817337,-0.02951
-0.731827,-1.020676,-0.1091
-0.610718,-0.828842,-0.120682
-0.556885,-0.606293,-0.197739
-0.413483,-0.741318,-0.110977
-0.750732,-1.087402,-0.174271
-0.580338,-0.859756,-0.308243
-0.493988,-0.581543,-0.146713
-0.401657,-0.479599,-0.053925
-0.733826,-1.049469,0.046692
-0.826828,-1.152878,-0.139114
-0.566299,-0.740723,-0.086594
-0.447952,-0.400757,-0.302567
-0.605042,-0.91011,-0.191559
-0.747116,-1.215424,-0.127625
-0.559097,-0.757034,-0.340851
-0.508606,-0.506271,-0.18129
-0.444839,-0.494415,-0.134842
-0.733185,-1.056396,-0.008926
-0.76886,-1.013382,-0.098694
-0.491638,-0.726624,-0.085648
-0.398712,-0.605728,0.006851
-0.582184,-0.817703,-0.038162
-0.679169,-1.003281,-0.268082
-0.670227,-0.817535,-0.171906
-0.537323,-0.588318,-0.274155
-0.395477,-0.575577,-0.054184
-0.726913,-1.069427,0.132401
-0.702652,-1.025177,-0.0802
-0.498703,-0.76001,0.019241
-0.476456,-0.659454,-0.124588
-0.649368,-0.817932,0.121307
-0.54805,-0.77858,-0.140503
-0.524048,-0.818558,-0.12854
-0.537399,-0.76445,-0.181427
-0.594116,-0.789001,-0.212189
-0.587662,-0.746368,-0.143219
-0.554718,-0.789856,-0.163589
-0.594421,-0.773407,-0.136765
-0.604187,-0.804199,-0.14653
-0.613846,-0.794235,-0.115005
-0.591675,-0.796478,-0.121445
-0.61116,-0.792542,-0.111694
-0.594681,-0.819992,-0.118607
-0.613037,-0.7742,-0.117371
-0.583801,-0.811523,-0.120468
-0.60289,-0.784027,-0.119003
-0.577271,-0.804886,-0.121384
-0.597656,-0.792603,-0.128387
-0.584183,-0.803467,-0.122589
-0.59198,-0.798279,-0.122971
-0.593216,-0.798416,-0.126755
-0.598755,-0.791473,-0.121094
-0.593796,-0.795715,-0.127808
-0.602844,-0.796646,-0.133667
-0.595352,-0.794922,-0.123352
-0.613052,-0.78598,-0.133392
-0.610931,-0.78566,-0.129929
-0.610138,-0.78569,-0.12999
-0.608795,-0.783142,-0.138382
-0.611465,-0.782471,-0.131241
-0.607925,-0.783493,-0.134735
-0.604599,-0.786865,-0.135132
-0.604187,-0.77771,-0.138535
-0.605316,-0.788666,-0.129486
-0.61264,-0.78273,-0.134293
-0.613571,-0.784821,-0.137909
-0.58699,-0.792374,-0.130295
-0.600784,-0.785034,-0.116638
-0.612595,-0.821259,-0.115982
-0.572174,-0.757156,-0.103394
-0.612717,-0.750458,-0.114807
-0.627289,-0.777924,-0.100006
-0.585754,-0.807968,-0.096939
-0.575317,-0.782242,-0.071716
-0.586624,-0.826248,-0.057678
-0.554016,-0.8685,-0.066299
-0.548859,-0.844025,-0.046005
-0.545258,-0.839828,-0.054932
-0.592346,-0.816833,-0.076019
-0.593124,-0.795792,-0.078308
-0.595749,-0.800735,-0.089722
-0.575058,-0.810318,-0.080292
-0.572861,-0.818207,-0.082535
-0.566299,-0.826569,-0.088318
-0.587082,-0.814941,-0.090408
-0.58075,-0.81546,-0.087265
-0.564758,-0.818756,-0.082123
-0.573044,-0.82756,-0.081009
-0.566422,-0.818604,-0.090622
-0.583115,-0.823593,-0.100357
-0.578217,-0.816299,-0.091797
-0.56987,-0.812119,-0.098511
-0.57547,-0.818832,-0.111145
-0.530472,-0.837036,-0.187042
-0.569199,-0.823425,-0.275955
-0.619003,-0.759293,-0.244736
-0.567291,-0.759827,-0.240219
-0.545227,-0.757492,-0.268433
-0.532471,-0.769836,-0.295593
-0.547256,-0.748856,-0.29425
-0.591522,-0.750732,-0.346451
-0.549805,-0.847153,-0.237122
-0.593613,-0.825195,-0.103333
-0.63269,-0.817108,-0.114792
-0.65831,-0.766235,-0.103989
-0.573196,-0.788406,-0.110748
-0.595413,-0.818008,-0.089493
-0.65004,-0.778656,-0.063904
-0.647675,-0.76001,-0.057037
-0.643097,-0.763641,-0.047775
-0.621674,-0.833115,-0.050919
-0.519775,-0.772049,-0.095566
-0.479553,-0.913437,-0.211243
-0.402512,-0.884567,-0.235687
-0.527374,-0.801025,-0.143875
-0.471222,-0.828018,-0.416611
-0.559982,-0.828964,-0.050369
-0.505173,-0.830231,-0.236969
-0.497406,-0.789185,-0.23494
-0.521881,-0.814941,-0.106903
-0.56282,-0.892593,-0.164856
-0.573746,-0.87178,-0.052094
-0.52887,-0.788467,-0.030884
-0.546387,-0.784775,-0.08046
-0.573608,-0.74295,-0.194199
-0.528931,-0.735611,-0.137146
-0.522568,-0.758423,-0.1698
-0.574905,-0.888916,-0.172333
-0.597626,-0.77446,-0.159103
-0.795349,-0.760483,-0.475845
-0.671097,-0.840225,-0.382751
-0.815109,-0.682129,-0.477371
-0.672058,-0.668701,-0.293427
-0.723755,-0.604218,-0.326263
-0.754105,-0.51593,-0.374252
-0.795578,-0.527023,-0.3806
-0.783875,-0.507523,-0.406235
-0.77478,-0.487625,-0.429474
-0.775879,-0.476776,-0.431107
-0.758957,-0.491684,-0.47319
-0.742447,-0.493713,-0.428787
-0.747833,-0.512283,-0.443527
-0.739685,-0.506607,-0.443375
-0.750122,-0.512848,-0.430878
-0.749313,-0.506454,-0.435089
-0.739807,-0.512909,-0.424759
-0.751175,-0.516663,-0.427414
-0.751648,-0.510666,-0.423691
-0.750046,-0.514496,-0.410599
-0.762466,-0.516663,-0.393341
-0.763794,-0.492722,-0.401215
-0.76149,-0.528656,-0.366058
-0.780853,-0.543091,-0.332001
-0.813873,-0.516068,-0.262558
-0.864838,-0.510681,-0.204575
-0.835953,-0.5952,-0.231491
-0.819687,-0.500519,-0.124313
-0.910904,-0.6474,-0.154648
-0.818008,-0.590591,-0.057266
-0.580704,-0.990433,-0.043823
-0.564163,-0.897934,0.012283
-0.578201,-0.888718,-0.031052
-0.536972,-0.924973,-0.052887
-0.494629,-0.78894,-0.021835
-0.507599,-0.8172,-0.116776
-0.487488,-0.780045,-0.069916
-0.5168,-0.747894,-0.086212
-0.487274,-0.728241,-0.08049
-0.481705,-0.832138,-0.042175
-0.508698,-0.780945,-0.04541
-0.588608,-0.873291,-0.036926
-0.572296,-0.821503,-0.024475
-0.5849,-0.813065,-0.066925
-0.573395,-0.785568,0.012131
-0.593262,-0.805801,-0.035538
-0.589279,-0.773712,-0.063934
-0.627411,-0.787689,-0.084122
-0.603241,-0.786224,-0.037094
-0.609451,-0.79512,-0.112396
-0.608032,-0.786972,-0.121414
-0.621765,-0.784332,-0.110352
-0.609421,-0.777588,-0.100113
-0.592972,-0.796829,-0.087204
-0.600372,-0.794418,-0.081909
-0.598557,-0.793976,-0.116745
-0.61821,-0.785583,-0.118973
-0.583374,-0.813904,-0.136765
-0.585648,-0.804947,-0.121948
-0.571411,-0.803101,-0.122894
-0.589096,-0.790848,-0.108505
-0.56308,-0.819473,-0.111023
-0.590744,-0.795105,-0.131805
-0.621109,-0.789581,-0.120285
-0.567276,-0.817703,-0.1315
-0.600754,-0.79306,-0.117538
-0.584518,-0.806152,-0.117935
-0.595078,-0.795609,-0.125031
-0.598663,-0.797409,-0.113419
-0.582504,-0.802612,-0.100464
-0.559906,-0.832596,-0.100174
-0.50473,-0.842896,-0.164673
-0.52713,-0.771164,-0.391159
-0.59523,-0.776779,-0.183868
-0.49321,-0.787735,-0.364288
-0.547974,-0.809784,-0.346939
-0.633041,-0.791946,-0.235168
-0.525055,-0.740845,0.005859
-0.593277,-0.851685,-0.038406
-0.593994,-0.793549,-0.06839
-0.587921,-0.777817,-0.027527
-0.632019,-0.807114,-0.094604
-0.631958,-0.796997,-0.08345
-0.619537,-0.759888,0.063309
-0.653275,-0.803177,-0.091461
-0.520996,-0.737152,0.000732
-0.47496,-0.801224,-0.256348
-0.611801,-0.966995,-0.231598
-0.555313,-0.75444,-0.247131
-0.575745,-0.75087,-0.204285
-0.619583,-0.731964,-0.36412
-0.661072,-0.716782,-0.256088
-0.637329,-0.835129,-0.199982
-0.465912,-0.753098,-0.073349
-0.613281,-0.873322,-0.069824
-0.553436,-0.816269,-0.052032
-0.514069,-0.847046,-0.16687
-0.601273,-0.834412,-0.094086
-0.598816,-0.783752,-0.04393
-0.577026,-0.800842,-0.057129
-0.48494,-0.837738,-0.053864
-0.642273,-0.952042,-0.176193
-0.447342,-0.75824,-0.18428
-0.585739,-0.796494,-0.097244
-0.608856,-0.861801,-0.139664
-0.555023,-0.805038,-0.167526
-0.565155,-0.797592,-0.043503
-0.561478,-0.786636,-0.051331
-0.661285,-0.87088,-0.07341
-0.614059,-0.776718,0.004196
-0.614258,-0.774902,-0.106003
-0.596344,-0.7771,-0.089127
-0.598633,-0.77565,-0.024139
-0.553375,-0.815292,-0.147858
-0.568634,-0.777451,-0.040131
-0.572769,-0.721786,-0.006775
-0.611816,-0.794037,0.084274
-0.742661,-1.134613,-0.056931
-1.230026,-2.015717,0.152466
-0.103668,-0.410065,0.166397
-0.372055,-0.603271,0.211899
-0.377686,-1.056168,0.018204
-0.439575,-0.873398,-0.072205
-0.545135,-0.80629,-0.057404
-0.488144,-0.606537,-0.105072
-0.420105,-0.608139,-0.021194
-0.424957,-0.818771,-0.137726
-0.445633,-0.919937,-0.062881
-0.488373,-0.768433,0.013809
-0.524918,-0.839371,-0.053329
-0.545837,-0.785843,-0.030624
-0.611984,-0.905594,-0.071136
-0.611282,-0.908203,-0.066528
-0.605988,-0.84169,0.09726
-0.545761,-0.787506,-0.09671
-0.603714,-0.842056,-0.085007
-0.616821,-0.774902,-0.144379
-0.606934,-0.794571,0.002457
-0.563705,-0.842545,-0.051758
-0.592896,-0.773117,-0.095169
-0.586472,-0.814835,-0.101151
-0.598785,-0.829834,-0.11528
-0.532684,-0.818359,-0.084976
-0.533279,-0.838821,-0.086304
-0.592514,-0.809128,-0.101654
-0.565643,-0.799286,-0.063019
-0.542633,-0.773529,-0.111374
-0.627075,-0.866379,-0.107361
-0.582993,-0.830505,-0.073593
-0.581467,-0.80127,-0.064026
-0.557175,-0.814133,-0.019684
-0.503204,-0.836914,-0.032181
-0.579041,-0.872665,-0.031448
-0.564331,-0.813492,-0.072327
-0.543884,-0.781342,-0.077621
-0.538956,-0.845917,-0.089386
-0.630646,-0.852814,-0.042252
-0.556519,-0.894165,-0.006531
-0.510696,-0.787552,-0.035141
-0.584915,-0.760056,-0.051865
-0.561157,-0.804001,-0.080154
-0.520691,-0.824554,-0.115295
-0.576202,-0.813766,-0.182404
-0.586594,-0.80574,-0.163498
-0.664001,-0.780289,-0.118149
-0.503632,-0.81134,-0.143433
-0.485367,-0.773071,-0.195511
-0.601959,-0.837402,-0.123108
-0.531082,-0.808212,-0.213669
-0.45282,-0.774216,-0.163574
-0.529785,-0.788681,-0.132751
-0.503143,-0.923584,-0.117279
-0.503983,-0.844254,-0.048828
-0.485199,-0.859436,-0.057999
-0.573761,-0.96109,-0.063644
-0.518143,-0.883453,-0.04686
-0.434753,-0.790527,-0.146774
-0.528336,-0.86058,-0.066101
-0.541199,-0.900742,-0.023026
-0.501755,-0.853622,-0.064804
-0.583969,-0.800018,-0.244995
-0.515747,-0.884476,-0.037811
-0.477051,-0.866699,-0.125061
-0.538986,-0.840073,-0.048859
-0.48671,-0.838928,-0.041229
-0.523651,-0.844574,-0.13916
-0.462143,-0.703003,-0.059052
-0.54924,-0.841797,-0.045364
-0.644684,-0.825775,-0.486877
-0.647781,-0.770538,-0.138672
-0.593048,-0.737778,-0.092133
-0.602768,-0.727692,-0.231613
-0.527237,-0.75441,-0.250366
-0.513596,-0.744537,-0.213791
-0.361465,-0.618027,-0.154617
-0.32196,-0.556885,-0.273117
-0.66481,-1.324295,-0.319336
-0.679047,-1.006805,0.079071
-0.447327,-0.718857,-0.074692
-0.616791,-0.942856,-0.161407
-0.623734,-0.87291,-0.239532
-0.513474,-0.772598,-0.0233
-0.5159,-0.788254,-0.054306
-0.46582,-0.865143,0.007172
-0.472702,-0.923035,-0.060135
-0.468918,-0.815567,-0.078049
-0.485687,-0.853912,-0.084717
-0.450684,-0.859665,-0.030029
-0.429138,-0.839417,-0.075623
-0.488251,-0.895935,-0.107391
-0.478836,-0.870621,-0.10466
-0.51268,-0.869919,-0.090897
-0.475586,-0.87207,-0.078522
-0.504776,-0.85553,-0.085922
-0.516281,-0.830292,-0.090881
-0.480942,-0.859344,-0.047913
-0.415619,-0.835068,-0.062927
-0.49144,-0.97905,-0.280411
-0.491928,-0.876038,-0.157745
-0.454163,-0.834213,-0.254059
-0.437073,-0.857895,-0.228668
-0.492172,-0.862183,-0.198044
-0.488617,-0.867493,-0.121109
-0.440094,-0.857086,-0.035858
-0.496216,-0.946152,-0.069031
-0.496689,-0.85788,-0.064621
-0.506638,-0.829895,-0.063309
-0.507858,-0.796219,-0.041183
-0.542465,-1.036713,-0.059479
-0.42485,-0.881882,-0.276703
-0.417221,-1.051987,-0.358322
-0.585922,-0.872803,-0.211792
-0.458664,-0.845139,-0.145905
-0.543152,-0.853424,-0.172089
-0.55777,-0.924484,-0.148788
-0.332947,-0.740417,-0.022537
-0.522278,-1.056366,-0.030426
-0.436462,-0.847168,-0.03418
-0.484756,-0.890015,-0.03009
-0.476669,-0.793106,-0.03418
-0.51651,-0.886932,-0.003159
-0.455551,-0.942505,-0.08252
-0.448074,-1.071762,-0.501648
-0.664948,-0.836533,-0.287979
-0.58902,-0.848328,-0.067917
-0.56282,-0.669037,0.011673
-0.622681,-0.781372,0.016632
-0.660095,-0.744888,-0.0271
-0.636749,-0.717575,-0.054489
-0.664505,-0.824158,-0.068024
-0.623428,-0.802811,-0.077988
-0.593094,-0.825485,-0.066055
-0.562698,-0.784729,-0.020645
-0.56044,-0.652252,0.079193
-0.72702,-0.951706,-0.082977
-0.41925,-0.862747,-0.080078
-0.590591,-0.960739,-0.141144
-0.848938,-1.340408,0.001022
-0.743347,-1.355255,-0.061005
-0.153091,-0.433685,0.164139
-0.247681,-0.793793,-0.080032
-0.419449,-0.997101,-0.085876
-0.342072,-0.913223,0.027161
-0.398376,-0.859253,-0.138596
-0.390823,-0.766174,0.026749
-0.35141,-0.728561,-0.065613
-0.334,-0.710938,0.033173
-0.405228,-0.93454,0.071548
-0.442841,-1.057632,-0.084518
-0.383621,-0.99054,-0.049927
-0.583725,-0.854874,-0.224152
-0.392624,-0.780624,-0.046539
-0.473724,-0.887894,-0.156418
-0.424454,-0.833801,0.005112
-0.402786,-0.871002,-0.062332
-0.423752,-0.850952,0.007538
-0.409485,-0.821091,-0.014755
-0.427963,-0.863403,-0.10321
-0.535873,-0.914505,-0.036926
-0.50174,-0.85231,0.020844
-0.485397,-0.85965,0.023087
-0.484055,-0.890396,-0.048447
-0.464645,-0.844818,-0.050018
-0.477982,-0.891205,-0.029968
-0.485016,-0.879593,-0.020889
-0.487152,-0.873932,-0.022064
-0.510132,-0.901062,-0.020386
-0.486389,-0.897064,-0.017517
-0.474075,-0.876846,-0.022751
-0.469498,-0.862061,-0.029037
-0.481552,-0.876282,-0.028534
-0.486862,-0.867493,-0.035934
-0.484436,-0.877274,-0.020462
-0.477264,-0.877716,-0.020462
-0.471436,-0.879883,-0.019882
-0.471207,-0.880814,-0.018784
-0.468933,-0.86821,-0.017929
-0.469391,-0.858536,-0.019943
-0.457642,-0.841309,-0.021622
-0.412521,-0.78949,-0.000244
-0.29689,-0.701538,-0.127075
-0.298019,-0.550293,0.002502
-0.328186,-0.552505,-0.005463
-0.242264,-0.629684,-0.032974
-0.236008,-0.861832,-0.287888
0.880035,-0.642654,-0.53862
1.362396,-0.111603,-0.912354
0.453888,-0.341019,0.049026
0.658936,-0.254135,0.001068
1.020493,-0.377548,-0.131866
0.93541,-0.423996,0.10495
0.872025,-0.65094,0.06868
0.656235,-0.559204,0.269653
0.875397,-0.507248,0.207123
0.828537,-0.531754,0.097366
0.798126,-0.472397,0.198166
0.847672,-0.499969,0.2229
0.838699,-0.489014,0.217316
0.833878,-0.492554,0.23674
0.836823,-0.487976,0.236649
0.83432,-0.490463,0.249847
0.830978,-0.489594,0.247635
0.841156,-0.486298,0.247879
0.832687,-0.489532,0.255035
0.835815,-0.489517,0.247925
0.834381,-0.48877,0.241974
0.836441,-0.489166,0.243393
0.829758,-0.490326,0.249176
0.826172,-0.491791,0.258453
0.833923,-0.493515,0.253693
0.827103,-0.494217,0.260651
0.832794,-0.491394,0.253998
0.829315,-0.496445,0.260269
0.828537,-0.493774,0.256134
0.824997,-0.49559,0.264114
0.824539,-0.492096,0.244003
0.822922,-0.497238,0.255402
0.828186,-0.492325,0.252792
0.828476,-0.492386,0.248718
0.830032,-0.490936,0.255798
0.828842,-0.49408,0.2547
0.835587,-0.490845,0.263046
0.840851,-0.479828,0.252563
0.838516,-0.481155,0.257874
0.838516,-0.476364,0.252609
0.841888,-0.475067,0.267807
0.845352,-0.466187,0.264099
0.841522,-0.483246,0.230606
0.841339,-0.479279,0.245361
0.845734,-0.483475,0.226715
0.873734,-0.474472,0.201355
0.853882,-0.479813,0.15329
0.860199,-0.496124,0.121414
0.847824,-0.500854,0.066727
0.8302,-0.53746,0.030487
0.817825,-0.538788,-0.013046
0.797913,-0.573349,-0.139679
0.780838,-0.571945,-0.233688
0.751129,-0.546478,-0.338394
0.719254,-0.550507,-0.406769
0.751404,-0.546066,-0.48233
0.694748,-0.512344,-0.510864
0.735703,-0.487503,-0.514481
0.666962,-0.490753,-0.579437
0.649048,-0.458191,-0.626404
0.589737,-0.465759,-0.70018
0.545975,-0.516342,-0.704727
0.435257,-0.521927,-0.69841
0.478058,-0.538223,-0.715073
0.361343,-0.524994,-0.719635
0.307114,-0.6297,-0.734161
0.169556,-0.603683,-0.729446
0.041962,-0.543442,-0.69635
-0.1642,-0.589142,-0.772385
-0.018188,-0.876556,-0.6604
-0.039642,-0.642609,-0.726349
-0.068039,-0.730072,-0.738937
-0.132584,-0.610611,-0.750305
-0.001556,-0.675369,-0.819809
-0.116348,-0.557678,-0.838211
0.059402,-0.522034,-0.932159
0.22345,-0.499588,-0.781006
0.310837,-0.359451,-0.77095
0.532425,-0.182709,-0.939621
0.590378,-0.216003,-0.938461
0.433044,-0.089676,-0.754684
0.374756,-0.164581,-0.899933
0.470474,0.206085,-0.772293
0.615295,0.215927,-0.951401
0.534653,0.134903,-1.021454
0.590622,0.111832,-0.919479
0.505402,0.011734,-0.724228
0.575943,0.020096,-0.947327
0.466568,-0.175934,-0.792572
0.548569,-0.239365,-0.779938
0.60083,-0.579132,-0.540787
0.691574,-0.581497,-0.436356
0.43483,-0.69931,-0.616928
0.208038,-0.777954,-0.604431
-0.008713,-0.835236,-0.454437
-0.262344,-0.993484,0.006622
-0.37384,-0.867416,0.300583
-0.479782,-0.819153,-0.222351
-0.395065,-0.783737,-0.180008
-0.430069,-0.894836,-0.096863
-0.36467,-0.808929,-0.147797
-0.381439,-0.893875,-0.112213
-0.240021,-0.875122,-0.451965
-0.418365,-0.837204,0.115875
-0.468307,-0.936844,-0.300781
-0.448792,-0.938934,-0.083984
-0.44725,-0.865036,-0.181992
-0.467941,-0.877686,-0.138962
-0.503387,-0.884781,-0.069962
-0.440399,-0.855148,-0.047211
-0.438843,-0.90126,-0.11792
-0.440994,-0.903137,-0.116699
-0.463196,-0.879639,-0.096725
-0.459244,-0.881317,-0.104156
-0.464279,-0.878174,-0.087662
-0.463455,-0.885818,-0.081589
-0.465622,-0.87854,-0.079575
-0.45903,-0.872955,-0.088135
-0.464203,-0.880066,-0.118408
-0.514099,-0.920822,-0.246201
-0.481506,-0.859055,-0.118637
-0.455276,-0.863159,-0.089935
-0.480988,-0.886917,-0.134857
-0.447571,-0.859543,-0.092056
-0.417282,-0.817688,-0.160172
-0.447861,-0.731689,-0.359238
-0.427826,-0.834869,-0.224335
-0.438614,-0.73674,-0.378937
-0.439316,-0.765884,-0.362045
-0.462524,-0.714874,-0.350845
-0.487656,-0.671768,-0.40535
-0.49379,-0.602509,-0.507416
-0.577454,-0.702072,-0.618332
-0.692657,-0.577316,-0.587006
-0.796936,-0.380936,-0.619812
-0.774002,-0.377365,-0.577927
-0.953339,-0.244461,-0.55365
-0.861389,-0.354263,-0.643799
-0.867249,-0.454727,-0.536575
-0.788818,-0.536804,-0.509262
-0.800797,-0.288834,-0.49707
-0.769302,-0.44812,-0.440033
-0.840225,-0.396301,-0.462433
-0.793427,-0.40329,-0.418137
-0.763062,-0.47554,-0.331879
-0.774445,-0.546417,-0.37204
-0.756744,-0.606171,-0.306656
-0.644211,-0.642975,-0.311234
-0.702972,-0.583115,-0.390457
-0.793503,-0.529892,-0.458633
-0.676559,-0.647141,-0.435944
-0.580032,-0.401978,-0.785095
-0.652344,-0.29126,-0.776352
-0.449783,-0.388733,-0.838409
-0.421692,-0.159988,-0.862473
-0.488434,-0.166855,-0.896042
-0.443634,-0.13063,-0.885605
-0.496521,-0.114075,-0.90448
-0.459793,-0.050583,-0.8983
-0.432724,-0.056808,-0.915466
-0.412674,-0.062454,-0.926773
-0.432709,-0.007263,-0.886963
-0.414185,-0.013611,-0.902603
-0.410004,-0.005005,-0.909164
-0.447769,0.017319,-0.918091
-0.431763,-0.031525,-0.883698
-0.418991,-0.019714,-0.927185
-0.440643,-0.010406,-0.904541
-0.431274,-0.017151,-0.912292
-0.418655,-0.015228,-0.906998
-0.433044,-0.019897,-0.908539
-0.409317,-0.020813,-0.908875
-0.394669,-0.023758,-0.906799
-0.41954,-0.008347,-0.903198
-0.432175,-0.01619,-0.929916
-0.363617,-0.041031,-0.895523
-0.387009,-0.054855,-0.932785
-0.399963,-0.078629,-0.90213
-0.391907,-0.063141,-0.904099
-0.44339,-0.035233,-0.889191
-0.49115,-0.03743,-0.907333
-0.382294,-0.156555,-0.958084
-0.310806,-0.17218,-0.926346
-0.36084,-0.242722,-0.925812
-0.398651,-0.253113,-0.887924
-0.382462,-0.331482,-0.873505
-0.334274,-0.39502,-0.8694
-0.16008,-0.386353,-0.908905
-0.162689,-0.389786,-0.931747
-0.142334,-0.485367,-0.875504
-0.012711,-0.36763,-0.923325
0.036743,-0.395706,-0.946396
0.039841,-0.357178,-0.917252
0.071518,-0.386002,-0.88205
0.009125,-0.396255,-0.932465
0.03035,-0.422714,-0.909103
0.079941,-0.414703,-0.915665
0.152451,-0.410141,-0.903412
0.146439,-0.395752,-0.892258
0.189682,-0.35939,-0.889572
0.271881,-0.360428,-0.900024
0.335129,-0.329208,-0.896103
0.298111,-0.335052,-0.883057
0.311249,-0.329468,-0.903488
0.304962,-0.330963,-0.894073
0.30899,-0.334885,-0.891632
0.309647,-0.329575,-0.893387
0.312347,-0.329025,-0.892822
0.311798,-0.327927,-0.896072
0.310532,-0.32283,-0.892319
0.313965,-0.331924,-0.890182
0.307892,-0.327225,-0.893799
0.315308,-0.327652,-0.891891
0.313324,-0.327087,-0.891937
0.357941,-0.331299,-0.899704
0.302368,-0.37471,-0.894455
0.242813,-0.291901,-0.888962
0.245239,-0.340363,-0.920319
0.212738,-0.387466,-0.902206
0.255905,-0.350327,-0.911774
0.211655,-0.356842,-0.884323
0.263168,-0.351852,-0.889038
0.165085,-0.322479,-0.926102
0.199692,-0.367706,-0.896454
0.152542,-0.314545,-0.914124
0.015121,-0.388245,-0.935211
-0.005066,-0.496994,-0.919937
-0.007919,-0.397354,-0.885208
-0.02124,-0.365372,-0.917877
-0.202087,-0.435547,-0.905548
-0.193146,-0.368423,-0.881775
-0.235474,-0.386139,-0.890259
-0.313934,-0.362701,-0.859848
-0.33522,-0.501083,-0.797211
-0.236023,-0.351791,-0.94075
-0.288193,-0.34787,-0.868332
-0.386337,-0.406952,-0.844086
-0.389343,-0.322922,-0.817627
-0.39476,-0.380356,-0.824615
-0.370255,-0.39476,-0.803284
-0.407288,-0.446518,-0.720932
-0.410843,-0.424011,-0.820465
-0.43573,-0.367157,-0.830658
-0.504486,-0.498795,-0.796631
-0.559891,-0.505981,-0.694977
-0.592453,-0.471619,-0.673309
-0.663208,-0.43457,-0.601364
-0.642776,-0.447617,-0.53009
-0.704727,-0.56073,-0.486771
-0.609528,-0.527954,-0.434219
-0.651581,-0.669647,-0.348389
-0.586578,-0.685684,-0.365372
-0.672928,-0.828308,-0.299744
-0.64003,-0.719864,-0.23024
-0.355209,-0.87204,-0.120911
-0.488342,-1.078766,-0.059677
-0.41687,-0.839615,-0.058823
-0.433594,-0.873001,-0.056641
-0.444153,-0.929398,0.013229
-0.466614,-0.85022,0.037979
-0.488678,-0.759277,0.012009
-0.661301,-0.802078,0.119522
-0.576797,-0.819,0.050903
-0.537415,-0.891098,-0.176483
-0.524185,-0.756668,-0.10437
-0.503311,-0.821457,-0.083527
-0.547348,-0.866959,-0.202072
-0.521149,-0.936081,-0.18045
-0.50589,-1.076004,-0.130478
-0.47287,-0.975876,-0.17067
-0.427048,-0.968567,-0.100113
-0.389252,-0.926224,-0.053925
-0.398743,-0.918594,-0.129791
-0.391235,-0.854645,-0.031799
-0.306366,-0.824188,-0.00824
-0.38092,-0.856064,0.128891
-0.440918,-0.887787,-0.077515
-0.436905,-0.874817,0.116699
-0.36264,-0.679825,-0.217712
-0.479324,-0.705399,-0.280609
-0.56105,-0.863846,-0.10759
-0.547379,-0.739288,-0.107147
-0.692139,-0.590225,-0.138382
-0.470078,-0.700409,0.130463
-0.647232,-0.8349,-0.108002
-0.61998,-0.735809,-0.063599
-0.566803,-0.838394,-0.130951
-0.547562,-0.841614,0.285553
-0.573914,-0.884171,0.044754
-0.544342,-0.828552,0.032104
-0.508133,-0.792633,-0.095322
-0.564102,-0.806335,-0.075928
-0.603241,-0.79512,-0.219971
-0.624222,-0.896835,-0.283783
-0.573029,-0.790405,-0.240234
-0.42453,-0.818466,-0.244034
-0.373123,-0.77832,-0.082413
-0.417068,-0.955078,-0.196396
-0.402893,-0.897354,-0.448334
-0.295135,-0.915787,-0.409744
-0.430481,-0.720001,-0.648605
-0.282593,-0.760193,-0.436935
-0.038544,-0.934601,-0.533615
-0.187607,-1.006241,0.467697
-0.249115,-0.917786,-0.328049
-0.345383,-0.959351,0.051971
-0.52626,-0.86734,-0.084106
-0.34787,-0.966003,0.037643
-0.360443,-0.934097,-0.00177
-0.394897,-0.923492,0.07933
-0.479431,-0.894775,0.132324
-0.401794,-0.926056,0.014557
-0.463806,-0.892609,-0.043915
-0.386368,-0.858826,-0.066696
-0.471115,-0.875687,-0.034317
-0.501007,-0.904037,-0.022263
-0.353043,-0.879379,-0.109192
-0.50856,-0.884827,-0.123123
-0.458267,-0.816742,-0.001694
-0.605469,-0.836426,0.014008
-0.55632,-0.798904,-0.088318
-0.425003,-0.933334,-0.197006
-0.606094,-0.812256,-0.071838
-0.528198,-0.856598,-0.034103
-0.45755,-0.876419,-0.1436
-0.398285,-0.879913,-0.117401
-0.569626,-0.875443,0.023254
-0.381607,-0.828568,0.279434
-0.32164,-0.941238,-0.136398
-0.580566,-0.93013,0.208588
-0.349228,-1.058502,-0.068436
-0.381714,-0.970581,0.182632
-0.46315,-1.040558,0.023727
-0.45047,-0.971191,0.036682
-0.369553,-0.803635,0.030823
-0.491837,-0.958954,0.031769
-0.3573,-0.916718,0.024551
-0.43605,-0.824188,0.165024
-0.506149,-0.896973,0.107407
-0.52533,-0.848709,0.074203
-0.498901,-0.812119,0.035416
-0.555359,-0.836517,-0.031982
-0.536606,-0.824844,-0.012344
-0.470154,-0.876099,-0.000061
-0.500641,-0.842331,0.001312
-0.557022,-0.83139,-0.038986
-0.558075,-0.809479,-0.145782
-0.530991,-0.867722,-0.012924
-0.573608,-0.798111,-0.074814
-0.558075,-0.83548,-0.042053
-0.557343,-0.832886,-0.076981
-0.520157,-0.848694,-0.01149
-0.494125,-0.932251,-0.149445
-0.389877,-0.793976,0.057877
-0.607925,-0.854721,0.035233
-0.451523,-0.802002,0.033447
-0.430939,-1.018875,0.188171
-0.558731,-0.790939,-0.074005
-0.485245,-0.919067,-0.023926
-0.476379,-1.047806,-0.04985
-0.496475,-0.908478,0.028549
-0.452988,-0.898697,-0.088806
-0.3452,-0.942993,-0.193985
-0.435623,-0.899933,-0.211243
-0.50177,-0.911987,-0.283493
-0.47702,-0.94194,-0.30925
-0.566742,-0.760788,-0.198257
-0.542786,-0.933594,-0.113388
-0.398651,-1.019196,-0.349091
-0.690628,-0.865601,-0.362289
-0.585968,-0.592331,-0.358246
-0.435181,-0.490341,-0.472305
-0.348083,-0.409988,-0.761887
-0.471252,-0.500336,-0.748688
-0.299423,-0.403244,-0.877701
-0.258698,-0.363388,-0.880966
-0.132721,-0.36821,-0.88179
-0.061722,-0.35556,-0.883179
0.040909,-0.458511,-0.797104
0.132309,-0.514755,-0.794464
0.161087,-0.426453,-0.932404
0.262848,-0.510818,-0.73497
0.422974,-0.533783,-0.786377
0.464233,-0.581619,-0.72583