time,x,y,z,TgF
0.007,-0.2967,0.46,0.8101,0.98
0.111,-0.2639,0.4686,0.8473,1
0.21,-0.2915,0.4534,0.8883,1.04
0.311,-0.2886,0.4368,0.8963,1.04
0.412,-0.2867,0.4405,0.8575,1.01
0.519,-0.2388,0.4146,0.9369,1.05
0.62,-0.2041,0.4104,0.941,1.05
0.719,-0.2188,0.4017,0.8932,1
0.819,-0.1453,0.2801,0.9498,1
0.916,-0.188,0.4349,0.8763,1
1.019,-0.1633,0.3833,0.8954,0.99
1.12,-0.1311,0.344,0.8954,0.97
1.221,-0.2134,0.4087,0.932,1.04
1.32,-0.2813,0.4361,0.9068,1.04
1.422,-0.1577,0.2154,1.0365,1.07
1.518,-0.0256,0.291,1.0475,1.09
1.606,0.0122,0.2942,1.1027,1.14
1.708,-0.1477,0.4966,0.7498,0.91
1.807,-0.0784,0.3763,0.9571,1.03
1.908,-0.0432,0.3274,1.0211,1.07
2.008,-0.0571,0.3406,0.9349,1
2.11,-0.0794,0.3533,0.932,1
2.21,-0.0684,0.366,0.9007,0.97
2.312,-0.0889,0.3421,0.94,1
2.412,-0.0278,0.3094,0.9774,1.03
2.525,-0.0816,0.3142,0.9242,0.98
2.63,-0.0315,0.3504,0.9828,1.04
2.734,-0.0127,0.3372,0.9701,1.03
2.826,0.0071,0.346,0.972,1.03
2.944,0.0247,0.3355,0.9356,0.99
3.042,0.0068,0.3274,1.0365,1.09
3.117,0.0352,0.314,0.9593,1.01
3.216,0.0413,0.3135,0.974,1.02
3.317,0.0146,0.3111,0.9303,0.98
3.417,-0.0007,0.3335,0.9693,1.03
3.518,0.0142,0.3457,0.9979,1.06
3.618,-0.0264,0.409,0.8775,0.97
3.717,-0.0029,0.3743,0.9234,1
3.819,0.0044,0.3741,0.9596,1.03
3.919,-0.0159,0.3841,0.9364,1.01
4.02,-0.0298,0.3816,0.9432,1.02
4.12,-0.0046,0.3819,0.9225,1
4.22,-0.0012,0.3775,0.9703,1.04
4.32,0.0571,0.3599,0.994,1.06
4.421,0.0559,0.3641,0.9366,1.01
4.521,-0.021,0.4139,0.91,1
4.621,-0.0181,0.4031,0.9449,1.03
4.722,-0.0085,0.4041,0.9417,1.02
4.822,0.0049,0.3999,0.9227,1.01
4.922,-0.0022,0.3848,0.9403,1.02
5.023,-0.0017,0.376,0.9356,1.01
5.123,0.0085,0.3868,0.9476,1.02
5.223,0.0115,0.3894,0.8866,0.97
5.324,-0.01,0.3743,0.9325,1
5.424,0.0349,0.3955,0.8902,0.97
5.524,0.0293,0.3973,1.0057,1.08
5.624,0.0151,0.4039,0.953,1.04
5.724,-0.0027,0.3948,0.9308,1.01
5.825,-0.0034,0.397,0.9164,1
5.925,0.0012,0.3973,0.9276,1.01
6.029,0.0002,0.3985,0.8824,0.97
6.131,0.0024,0.3897,0.9828,1.06
6.231,0.0171,0.396,0.9217,1
6.332,0.0037,0.3914,0.9234,1
6.433,0.0027,0.3804,0.9347,1.01
6.532,-0.0164,0.386,0.9591,1.03
6.634,0.0112,0.3848,0.9461,1.02
6.733,0.0059,0.3719,0.9671,1.04
6.836,-0.0063,0.3777,0.9293,1
6.936,-0.0032,0.3792,0.921,1
7.037,0.0198,0.3838,0.9312,1.01
7.137,0.0239,0.3868,0.9144,0.99
7.238,0.0142,0.3855,0.9339,1.01
7.338,0.0056,0.3816,0.9581,1.03
7.438,0.0088,0.3816,0.9579,1.03
7.539,0.03,0.3899,0.9107,0.99
7.64,0.0342,0.3877,0.9171,1
7.739,0.031,0.3968,0.9457,1.03
7.84,0.041,0.3916,0.9415,1.02
7.94,0.0386,0.3955,0.9237,1.01
8.042,0.0601,0.4087,0.9308,1.02
8.142,0.0747,0.4097,0.9378,1.03
8.243,0.0618,0.4104,0.9212,1.01
8.343,0.0569,0.407,0.9244,1.01
8.443,0.0625,0.4078,0.9337,1.02
8.543,0.0816,0.4185,0.9332,1.03
8.644,0.0461,0.4134,0.9234,1.01
8.744,0.0122,0.3919,0.898,0.98
8.844,0.031,0.408,0.9188,1.01
8.946,0.0549,0.4151,0.9239,1.01
9.045,0.0464,0.4056,0.9469,1.03
9.148,0.0437,0.3936,0.9376,1.02
9.248,0.0427,0.3955,0.9237,1.01
9.348,0.0422,0.3968,0.9393,1.02
9.449,0.0313,0.3897,0.9474,1.02
9.55,0.0356,0.3868,0.9242,1
9.65,0.0457,0.3973,0.9395,1.02
9.751,0.0439,0.3953,0.943,1.02
9.852,0.0474,0.4102,0.9002,0.99
9.954,-0.0588,0.064,0.0073,0.09
10.053,-0.0327,0.0054,0.0151,0.04
10.154,-0.0242,0.0093,0.0208,0.03
10.255,-0.0247,0.0996,-0.0559,0.12
10.357,-0.0364,-0.1626,0.0049,0.17
10.486,-0.0754,0.0422,0.0371,0.09
10.584,-0.0469,0.0012,0.0671,0.08
10.659,0.3406,0.0667,1.9357,1.97
10.76,-0.0203,0.0195,0.9864,0.99
10.859,-0.0068,0.0166,1.013,1.01
10.959,-0.0061,0.0208,1.0106,1.01
11.06,-0.0083,0.0203,1.0118,1.01
11.161,-0.0051,0.022,1.0116,1.01
11.261,0.0017,0.0242,1.0116,1.01
11.361,-0.0146,0.0212,1.0072,1.01
11.461,-0.0208,0.0354,0.8893,0.89
11.561,-0.093,-0.0515,1.0655,1.07
11.662,-0.1695,-0.0107,1.4313,1.44
11.763,-0.3521,0.1804,1.3991,1.45
11.863,-0.2029,0.1719,1.0919,1.12
11.963,-0.2937,0.3308,0.8783,0.98
12.066,-0.3286,0.4576,0.7178,0.91
12.165,-0.3128,0.5186,0.692,0.92
12.265,-0.1104,0.4896,0.6024,0.78
12.366,-0.2586,0.5872,0.6844,0.94
12.466,-0.2857,0.6092,0.7406,1
12.569,-0.3098,0.6573,0.545,0.91
12.668,-0.3094,0.6209,0.6165,0.93
12.77,-0.2466,0.6734,0.5767,0.92
12.87,-0.2581,0.6844,0.7022,1.01
12.972,-0.3687,0.703,0.6734,1.04
13.072,-0.4637,0.702,0.5814,1.02
13.172,-0.271,0.5652,0.4192,0.75
13.273,-0.313,0.6922,0.9142,1.19
13.373,-0.3819,0.4871,0.7728,0.99
13.473,-0.1138,0.2061,1.0191,1.05
13.573,-0.218,0.3382,0.9374,1.02
13.673,-0.3062,0.3672,0.9894,1.1
13.774,-0.3221,0.3448,0.9459,1.06
13.874,-0.3164,0.346,0.8812,1
13.974,-0.2664,0.3372,0.8963,0.99
14.075,-0.2617,0.3299,0.9476,1.04
14.176,-0.3072,0.3404,0.9054,1.01
14.277,-0.2774,0.3289,0.9149,1.01
14.376,-0.2989,0.3208,0.9281,1.03
14.477,-0.3106,0.3218,0.9146,1.02
14.578,-0.3394,0.3499,0.8829,1.01
14.677,-0.2993,0.3152,0.9283,1.03
14.779,-0.3162,0.304,0.9378,1.04
14.879,-0.3379,0.3501,0.879,1
14.98,-0.3228,0.344,0.8807,1
15.08,-0.2823,0.3157,0.9124,1.01
15.181,-0.3057,0.3421,0.9051,1.01
15.281,-0.3074,0.3015,1.0113,1.1
15.382,-0.2696,0.3181,0.9027,0.99
15.482,-0.3626,0.3435,0.8866,1.02
15.582,-0.3015,0.3272,0.8675,0.97
15.683,-0.2429,0.2984,0.9566,1.03
15.784,-0.303,0.3072,0.9281,1.02
15.883,-0.3326,0.3042,0.9207,1.03
15.984,-0.2776,0.3076,0.8578,0.95
16.084,-0.3367,0.3018,0.9603,1.06
16.185,-0.3091,0.2676,0.9496,1.03
16.285,-0.3015,0.2952,0.8893,0.98
16.385,-0.291,0.2842,0.9149,1
16.486,-0.284,0.2698,0.8902,0.97
16.587,-0.3684,0.261,0.9479,1.05
16.687,-0.4017,0.2754,0.9579,1.07
16.787,-0.4688,0.2754,0.9293,1.08
16.888,-0.4148,0.2176,0.909,1.02
16.988,-0.4073,0.2591,0.8289,0.96
17.088,-0.3567,0.2415,0.8775,0.98
17.188,-0.5386,0.2261,1.1007,1.25
17.289,-0.3951,0.229,0.6712,0.81
17.388,-0.3658,0.1821,0.9796,1.06
17.489,-0.4458,0.1648,1.0204,1.13
17.589,-0.409,0.2156,0.964,1.07
17.689,-0.3819,0.2176,0.8731,0.98
17.79,-0.3548,0.2305,0.88,0.98
17.89,-0.3235,0.2092,0.9203,1
17.99,-0.2891,0.21,0.8883,0.96
18.09,-0.3321,0.2232,0.9383,1.02
18.191,-0.304,0.2171,0.9759,1.04
18.291,-0.3081,0.23,0.9312,1.01
18.391,-0.2918,0.2163,0.9347,1
18.491,-0.2617,0.1817,0.9447,1
18.592,-0.2676,0.1824,0.9469,1
18.692,-0.2901,0.1934,0.961,1.02
18.792,-0.2991,0.1809,0.9686,1.03
18.893,-0.2713,0.1807,0.9415,1
18.995,-0.2591,0.1731,0.9444,0.99
19.095,-0.2945,0.1712,0.9608,1.02
19.195,-0.2976,0.1697,0.9732,1.03
19.295,-0.3072,0.1668,0.962,1.02
19.397,-0.3174,0.1675,0.9703,1.03
19.497,-0.3001,0.1631,0.9547,1.01
19.599,-0.2722,0.1543,0.9566,1.01
19.699,-0.2769,0.1611,0.9706,1.02
19.799,-0.2852,0.1621,0.9789,1.03
19.899,-0.2615,0.1577,0.9601,1.01
20,-0.271,0.1597,0.9698,1.02
20.1,-0.2608,0.156,1.0196,1.06
20.2,-0.2254,0.2288,0.8861,0.94
20.301,-0.2105,0.4366,0.9518,1.07
20.401,0.1968,0.3062,0.2212,0.43
20.501,-0.0466,0.0024,0.0239,0.05
20.602,-0.0437,0.0029,0.0264,0.05
20.702,-7.9998,-3.9367,0.9793,8.97
20.802,-0.1035,-0.0166,-0.001,0.1
20.903,-0.1038,-0.0237,0.0037,0.11
21.004,1.1757,-1.2892,7.9998,8.19
21.104,0.1511,-0.0188,0.8851,0.9
21.204,0.0203,0.0513,1.4186,1.42
21.305,-0.0056,0.019,0.9962,1
21.406,-0.0061,0.0208,1.0106,1.01
21.538,-0.0039,0.0188,1.0111,1.01
21.63,-0.0068,0.0195,1.0143,1.01
21.708,-0.0076,0.0188,1.0116,1.01
21.807,-0.0046,0.0188,1.0108,1.01
21.909,-0.0078,0.019,1.0101,1.01
22.01,-0.0046,0.0188,1.0106,1.01
22.11,-0.0071,0.02,1.0106,1.01
22.211,-0.0061,0.0171,1.0118,1.01
22.311,-0.0059,0.0183,1.0099,1.01
22.412,-0.0068,0.0166,1.0077,1.01
22.512,-0.0066,0.0183,1.0118,1.01
22.612,-0.0056,0.0198,1.0106,1.01
22.712,-0.0022,0.0183,1.0106,1.01
22.813,-0.0051,0.0173,1.0111,1.01
22.913,-0.0056,0.0181,1.0082,1.01
23.014,-0.0056,0.0168,1.0106,1.01
23.116,0.0022,0.0146,1.0748,1.07
23.216,0.0063,0.0242,1.0016,1
23.318,0.0186,0.0295,0.9183,0.92
23.418,0.0183,0.0461,0.993,0.99
23.518,-0.0261,0.0366,0.9908,0.99
23.618,-0.0737,0.0256,1.0218,1.02
23.719,-0.0435,0.0435,1.0021,1
23.821,-0.0774,0.0281,1.0209,1.02
23.921,-0.0664,0.0713,1.013,1.02
24.021,-0.0625,0.0571,1.0563,1.06
24.122,-0.0855,-0.0112,1.0082,1.01
24.223,-0.1426,-0.0383,0.9928,1
24.323,-0.0439,0.0921,1.0255,1.03
24.423,0.0217,0.0168,0.9703,0.97
24.525,-0.1126,-0.0144,0.973,0.98
24.625,0.0005,0.0139,1.0309,1.03
24.726,0.0493,0.0469,0.9566,0.96
24.825,-0.0391,-0.0786,1.0423,1.05
24.926,0.0237,-0.0261,0.983,0.98
25.026,-0.075,-0.052,1.0709,1.07
25.127,-0.208,-0.19,1.0738,1.11
25.228,-0.3001,-0.2261,1.3895,1.44
25.329,-0.357,-0.0935,1.0148,1.08
25.429,-0.493,-0.0093,0.7664,0.91
25.529,-0.4559,0.0239,0.8236,0.94
25.629,-0.4263,0.0427,0.9203,1.02
25.729,-0.377,0.0732,0.8609,0.94
25.83,-0.4129,0.1052,0.8258,0.93
25.93,-0.4332,0.0901,0.8573,0.96
26.03,-0.3953,0.1118,0.9337,1.02
26.13,-0.3904,0.1638,0.9796,1.07
26.23,-0.4366,0.1626,0.9969,1.1
26.33,-0.4695,0.1663,0.846,0.98
26.431,-0.4124,0.1699,0.7721,0.89
26.531,-0.4742,0.1748,0.9186,1.05
26.632,-0.4122,0.1821,0.9256,1.03
26.731,-0.4522,0.2117,0.9076,1.04
26.832,-0.5079,0.2,0.849,1.01
26.932,-0.4334,0.198,0.8963,1.02
27.032,-0.4419,0.2002,0.9388,1.06
27.132,-0.5035,0.169,0.9637,1.1
27.233,-0.4524,0.1753,0.8822,1.01
27.333,-0.4248,0.2017,0.9117,1.03
27.433,-0.5054,0.241,0.8343,1
27.534,-0.4205,0.2334,0.8165,0.95
27.634,-0.4629,0.2439,0.8114,0.97
27.734,-0.4695,0.2281,0.8346,0.98
27.834,-0.4654,0.146,1.0001,1.11
27.934,-0.4668,0.1489,0.8841,1.01
28.035,-0.4781,0.1382,0.8451,0.98
28.135,-0.481,0.1297,0.93,1.06
28.236,-0.4563,0.1431,0.8797,1
28.336,-0.5062,0.1367,0.9422,1.08
28.436,-0.5167,0.1128,0.8968,1.04
28.537,-0.4261,0.1279,0.9156,1.02
28.638,-0.4405,0.1631,0.849,0.97
28.738,-0.5015,0.1536,0.912,1.05
28.839,-0.5157,0.1631,0.8385,1
28.938,-0.5499,0.1543,0.898,1.06
29.039,-0.4983,0.1521,0.8756,1.02
29.139,-0.4961,0.1712,0.8487,1
29.24,-0.4769,0.166,0.8954,1.03
29.34,-0.5218,0.1487,0.8883,1.04
29.441,-0.5079,0.1611,0.8319,0.99
29.542,-0.5208,0.1651,0.9115,1.06
29.642,-0.501,0.1626,0.8863,1.03
29.742,-0.4761,0.1682,0.839,0.98
29.842,-0.492,0.1709,0.8685,1.01
29.942,-0.4712,0.1668,0.8788,1.01
30.043,-0.5123,0.1536,0.8922,1.04
30.143,-0.4732,0.1748,0.8905,1.02
30.245,-0.4903,0.1782,0.8695,1.01
30.345,-0.5098,0.157,0.9037,1.05
30.445,-0.4563,0.1792,0.8988,1.02
30.546,-0.4673,0.209,0.8431,0.99
30.647,-0.4603,0.221,0.8748,1.01
30.749,-0.4522,0.2368,0.8289,0.97
30.848,-0.3042,0.324,0.3035,0.54
30.948,-0.0105,0.0017,0.0259,0.03
31.049,-0.0127,0.0037,0.0378,0.04
31.149,-0.104,0.8773,-0.0188,0.88
31.249,-0.084,-0.1106,1.3358,1.34
31.351,-0.1641,0.0562,1.6054,1.61
31.45,-0.062,0.0847,1.1398,1.14
31.552,-0.0107,0.011,1.0279,1.03
31.653,-0.009,0.011,1.0121,1.01
31.753,-0.0107,0.0112,1.0091,1.01
31.855,-0.0081,0.0083,1.0106,1.01
31.954,0.1309,0.1397,1.1808,1.2
32.055,-0.0156,0.0105,1.013,1.01
32.155,-0.0059,0.019,1.0399,1.04
32.255,-0.0068,0.01,1.0045,1
32.355,-0.0056,0.0125,1.0096,1.01
32.457,-0.0083,0.0151,1.0101,1.01
32.557,-0.0044,0.0129,1.0121,1.01
32.657,-0.0088,0.0129,1.0116,1.01
32.758,-0.0063,0.0073,1.0118,1.01
32.859,-0.0085,0.0149,1.0038,1
32.958,-0.0015,0.0181,1.0106,1.01
33.059,0.0098,0.0195,1.0206,1.02
33.16,-0.0193,0.0159,1.0162,1.02
33.26,0.0032,0.0181,1.0279,1.03
33.361,-0.0188,0.0105,1.0135,1.01
33.461,-0.0156,0.0217,1.0011,1
33.561,-0.0054,0.0156,1.0084,1.01
33.664,0.0161,0.0286,1.0094,1.01
33.764,-0.0037,0.0146,1.0299,1.03
33.864,-0.0479,-0.072,1.0323,1.04
33.964,-0.0649,-0.0493,0.9701,0.97
34.065,-0.0703,-0.0623,1.0279,1.03
34.165,-0.0457,-0.1079,0.9918,1
34.266,-0.0769,-0.1206,1.0338,1.04
34.365,-0.0671,-0.2046,1.0992,1.12
34.466,-0.3223,-0.2092,1.2145,1.27
34.567,-0.4036,-0.1079,1.1102,1.19
34.667,-0.3631,0.0154,0.9789,1.04
34.767,-0.3877,0.1663,0.7887,0.89
34.868,-0.4339,0.2376,0.8304,0.97
34.968,-0.4957,0.3047,0.723,0.93
35.068,-0.5469,0.377,0.7489,1
35.169,-0.5753,0.4603,0.6468,0.98
35.27,-0.5601,0.534,0.6382,1
35.37,-0.4488,0.5206,0.5418,0.88
35.47,-0.4776,0.554,0.5801,0.93
35.573,-0.5594,0.5909,0.6683,1.05
35.673,-0.5565,0.5848,0.6077,1.01
35.773,-0.4869,0.5994,0.5706,0.96
35.873,-0.5411,0.5738,0.7115,1.06
35.974,-0.5848,0.5699,0.692,1.07
36.075,-0.5599,0.5826,0.6929,1.06
36.175,-0.5308,0.5972,0.6907,1.06
36.275,-0.4869,0.6009,0.6353,1
36.375,-0.5118,0.5999,0.6143,1
36.477,-0.5228,0.6024,0.6177,1.01
36.577,-0.5335,0.618,0.6512,1.04
36.678,-0.5037,0.607,0.6419,1.02
36.778,-0.523,0.6082,0.6607,1.04
36.879,-0.5081,0.5984,0.6678,1.03
36.98,-0.5284,0.5933,0.6751,1.04
37.08,-0.5042,0.5982,0.6285,1
37.18,-0.5274,0.5894,0.6605,1.03
37.285,-0.523,0.5831,0.6651,1.03
37.382,-0.5569,0.5762,0.66,1.04
37.483,-0.542,0.595,0.6649,1.04
37.583,-0.5191,0.5787,0.6812,1.03
37.684,-0.5301,0.5799,0.618,1
37.785,-0.5462,0.5723,0.678,1.04
37.885,-0.5352,0.5613,0.6759,1.03
37.986,-0.5391,0.5757,0.6675,1.03
38.086,-0.5215,0.5735,0.6531,1.01
38.186,-0.5159,0.5828,0.6654,1.02
38.287,-0.5306,0.5731,0.6744,1.03
38.387,-0.5335,0.5753,0.6597,1.03
38.488,-0.5103,0.5655,0.6741,1.02
38.587,-0.564,0.5618,0.6702,1.04
38.688,-0.5359,0.5755,0.6234,1
38.788,-0.5059,0.5718,0.7025,1.04
38.89,-0.5115,0.5648,0.6783,1.02
38.99,-0.5452,0.5594,0.682,1.04
39.09,-0.5474,0.564,0.6727,1.03
39.192,-0.5169,0.5713,0.6727,1.02
39.292,-0.5032,0.5701,0.6624,1.01
39.392,-0.5289,0.5723,0.6485,1.01
39.493,-0.5355,0.585,0.658,1.03
39.595,-0.5357,0.5643,0.6856,1.04
39.694,-0.5291,0.5682,0.6671,1.02
39.795,-0.5186,0.5608,0.6866,1.03
39.895,-0.5281,0.5643,0.7003,1.04
39.996,-0.5125,0.5626,0.6544,1
40.096,-0.5096,0.5687,0.7071,1.04
40.196,-0.4625,0.5867,0.7083,1.03
40.296,-0.4187,0.6246,0.6773,1.01
40.397,-0.333,0.6512,0.4634,0.87
40.499,-0.0867,0.4305,0.0569,0.44
40.599,-0.019,-0.0166,0.0105,0.03
40.701,-0.0176,-0.0129,0.0068,0.02
40.803,-0.0115,-0.4837,0.0022,0.48
40.904,-0.4708,-0.8499,0.71,1.2
41.005,-0.1331,-0.4102,0.1846,0.47
41.106,-0.0151,1.2277,2.6314,2.9
41.207,-0.7154,0.2229,1.5819,1.75
41.306,-0.1511,0.1848,0.9671,1
41.407,-0.2053,0.1741,0.9295,0.97
41.508,-0.2222,0.1655,0.9625,1
41.61,-0.2334,0.1611,0.9835,1.02
41.71,-0.2276,0.1641,0.973,1.01
41.811,-0.2305,0.1614,0.9789,1.02
41.912,-0.2298,0.1629,0.9762,1.02
42.012,-0.2298,0.1629,0.9757,1.02
42.112,-0.2268,0.1631,0.974,1.01
42.212,-0.2176,0.1594,0.951,0.99
42.312,-0.2337,0.1677,0.9857,1.03
42.412,-0.2632,0.1152,0.8504,0.9
42.513,-0.1392,0.0247,0.9552,0.97
42.613,-0.3377,-0.0537,1.037,1.09
42.713,-0.3684,-0.0972,1.2452,1.3
42.813,0.0393,0.0584,0.9786,0.98
42.914,-0.2066,0.2078,1.0882,1.13
43.014,-0.313,0.2395,0.661,0.77
43.114,-0.3072,0.2583,0.6522,0.77
43.217,-0.2637,0.1807,0.8455,0.9
43.317,-0.2337,0.2232,0.9254,0.98
43.417,-0.106,0.2478,1.0289,1.06
43.517,-0.2039,0.1963,0.943,0.98
43.619,-0.199,0.0982,1.1092,1.13
43.72,-0.3138,0.1362,0.8763,0.94
43.82,-0.1948,0.2151,1.0282,1.07
43.921,-0.2283,0.1741,0.9847,1.03
44.022,-0.1165,0.2779,0.994,1.04
44.122,-0.1475,0.3367,0.9667,1.03
44.222,-0.1607,0.3326,0.9698,1.04
44.322,-0.1643,0.3323,0.9317,1
44.423,-0.3035,0.2605,0.8951,0.98
44.524,-0.3106,0.2329,0.931,1.01
44.624,-0.2034,0.3223,0.9457,1.02
44.724,-0.2654,0.2398,0.9754,1.04
44.826,-0.3343,0.115,1.0311,1.09
44.926,-0.2259,0.2368,0.9649,1.02
45.027,-0.2005,0.3069,0.9486,1.02
45.127,-0.1677,0.3753,0.8294,0.93
45.235,-0.157,0.3076,0.9442,1.01
45.329,-0.3565,0.2598,0.9728,1.07
45.429,-0.5225,0.4454,1.3129,1.48
45.529,-0.2762,0.3789,0.9613,1.07
45.63,-0.2219,0.3106,0.7506,0.84
45.73,-0.3697,0.438,0.8104,0.99
45.83,-0.3848,0.4983,0.7423,0.97
45.93,-0.2659,0.4935,0.8758,1.04
46.031,-0.2556,0.5193,0.7271,0.93
46.131,-0.3006,0.5833,0.723,0.98
46.231,-0.365,0.5276,0.7889,1.02
46.332,-0.3985,0.5665,0.6241,0.93
46.433,-0.4771,0.5723,0.6851,1.01
46.533,-0.4463,0.607,0.7186,1.04
46.635,-0.4798,0.5831,0.7347,1.05
46.735,-0.4959,0.5635,0.7232,1.04
46.835,-0.4583,0.5066,0.6216,0.92
46.936,-0.5088,0.5599,0.6968,1.03
47.036,-0.5206,0.6014,0.689,1.05
47.137,-0.5242,0.5359,0.7537,1.06
47.237,-0.5294,0.5313,0.6763,1.01
47.337,-0.5318,0.5569,0.6212,0.99
47.437,-0.5176,0.5291,0.7183,1.03
47.537,-0.5252,0.5313,0.7345,1.05
47.638,-0.5105,0.5149,0.7076,1.01
47.738,-0.5398,0.5159,0.6771,1.01
47.839,-0.6019,0.5369,0.6456,1.03
47.939,-0.5538,0.5303,0.7257,1.06
48.04,-0.5369,0.5169,0.6717,1
48.139,-0.5254,0.5435,0.6683,1.01
48.242,-0.5342,0.524,0.6868,1.02
48.341,-0.5728,0.5196,0.6453,1.01
48.442,-0.565,0.5445,0.6705,1.03
48.542,-0.5232,0.532,0.6837,1.01
48.643,-0.598,0.5113,0.6861,1.04
48.744,-0.5323,0.5345,0.6966,1.03
48.844,-0.5587,0.5565,0.6668,1.03
48.95,-0.5333,0.5228,0.6724,1
49.046,-0.5589,0.5306,0.6922,1.04
49.147,-0.5591,0.5203,0.6927,1.03
49.247,-0.5525,0.5433,0.6632,1.02
49.349,-0.5728,0.546,0.6561,1.03
49.45,-0.535,0.5438,0.6759,1.02
49.55,-0.5315,0.5423,0.68,1.02
49.65,-0.5206,0.5355,0.6837,1.01
49.751,-0.5433,0.5411,0.6617,1.01
49.85,-0.5801,0.5516,0.6842,1.05
49.951,-0.5425,0.545,0.6759,1.02
50.053,-0.5538,0.5428,0.6771,1.03
50.153,-0.5557,0.5494,0.659,1.02
50.253,-0.396,0.5059,0.6204,0.89
50.355,-0.0606,0.385,0.4046,0.56
50.46,-0.0581,0.114,0.178,0.22
50.559,-0.0945,-0.2661,0.1563,0.32
50.658,-0.0225,-0.2583,0.032,0.26
50.762,0.1631,3.8156,-0.8226,3.91
50.862,1.1627,0.072,3.9276,4.1
50.963,-0.0335,-0.0527,0.3628,0.37
51.062,-0.0327,0.0156,1.0953,1.1
51.162,-0.0151,0.012,1.0006,1
51.263,-0.0173,0.0132,1.0111,1.01
51.364,-0.0171,0.0112,1.0126,1.01
51.465,-0.012,0.0205,1.0619,1.06
51.566,-0.0134,0.0154,1.0038,1
51.667,-0.0103,0.0176,1.0118,1.01
51.769,-0.0066,0.0183,1.0013,1
51.869,-0.0125,0.0281,1.0008,1
51.969,-0.0078,0.0247,1.014,1.01
52.07,-0.0178,0.0166,1.0091,1.01
52.17,-0.011,0.0125,1.024,1.02
52.271,-0.0166,0.0264,1.0133,1.01
52.371,-0.0139,0.0298,1.015,1.02
52.472,-0.061,0.0427,1.0602,1.06
52.571,0.0066,-0.0967,1.0065,1.01
52.671,-0.0264,-0.0984,0.9791,0.98
52.773,0.1228,-0.4107,0.9122,1.01
52.872,-0.0562,-0.3118,0.9723,1.02
52.976,-0.2578,-0.3086,0.9554,1.04
53.072,-0.3743,-0.3321,0.8756,1.01
53.174,-0.4686,-0.4605,0.8783,1.1
53.274,-0.525,-0.4466,0.8726,1.11
53.374,-0.5076,-0.4273,0.8375,1.07
53.481,-0.5723,-0.3863,0.9088,1.14
53.575,-0.6243,-0.3377,0.8792,1.13
53.676,-0.546,-0.2425,0.7982,1
53.776,-0.5562,-0.1643,0.6849,0.9
53.878,-0.6075,-0.0405,0.731,0.95
53.977,-0.7281,-0.0103,0.6644,0.99
54.078,-0.682,-0.0635,0.7725,1.03
54.18,-0.6561,-0.0364,0.699,0.96
54.28,-0.6793,0.0408,0.7122,0.99
54.382,-0.7017,0.0798,0.6507,0.96
54.482,-0.7442,0.0847,0.6234,0.97
54.582,-0.8028,0.0823,0.6024,1.01
54.687,-0.7733,0.0972,0.6146,0.99
54.787,-0.7662,0.1089,0.6619,1.02
54.89,-0.7623,0.1025,0.6734,1.02
54.989,-0.7716,0.0984,0.6636,1.02
55.089,-0.7796,0.0996,0.6497,1.02
55.189,-0.7677,0.1138,0.6661,1.02
55.289,-0.7369,0.1255,0.671,1
55.392,-0.743,0.1165,0.7032,1.03
55.491,-0.7423,0.117,0.6849,1.02
55.591,-0.775,0.1118,0.6807,1.04
55.692,-0.7467,0.1248,0.7008,1.03
55.793,-0.7547,0.1204,0.6783,1.02
55.904,-0.7635,0.1358,0.6651,1.02
56.004,-0.7613,0.115,0.7071,1.05
56.104,-0.7508,0.1218,0.6617,1.01
56.205,-0.7557,0.1238,0.6661,1.01
56.306,-0.7462,0.1214,0.6695,1.01
56.406,-0.7554,0.1287,0.6715,1.02
56.509,-0.7638,0.1289,0.6815,1.03
56.609,-0.7384,0.1328,0.6773,1.01
56.71,-0.7545,0.1262,0.6805,1.02
56.813,-0.7638,0.1297,0.678,1.03
56.912,-0.7496,0.1196,0.692,1.03
57.011,-0.7826,0.115,0.6827,1.04
57.112,-0.7618,0.1289,0.6632,1.02
57.212,-0.7552,0.1187,0.701,1.04
57.312,-0.7645,0.1116,0.6922,1.04
57.413,-0.7833,0.1113,0.6478,1.02
57.517,-0.7616,0.1155,0.6463,1.01
57.617,-0.7786,0.1143,0.6741,1.04
57.72,-0.7664,0.113,0.6822,1.03
57.82,-0.7542,0.1118,0.6907,1.03
57.92,-0.7645,0.1228,0.6585,1.02
58.021,-0.7471,0.1194,0.6573,1
58.121,-0.7823,0.1101,0.6837,1.04
58.222,-0.776,0.1233,0.6595,1.03
58.323,-0.7723,0.1162,0.6795,1.04
58.423,-0.7398,0.1265,0.6697,1.01
58.523,-0.7659,0.1189,0.6834,1.03
58.625,-0.7769,0.1094,0.6932,1.05
58.726,-0.7567,0.1214,0.6492,1
58.828,-0.7642,0.1128,0.6744,1.03
58.927,-0.7913,0.1096,0.6964,1.06
59.029,-0.7523,0.1292,0.6468,1
59.129,-0.7708,0.1174,0.64,1.01
59.23,-0.7774,0.1116,0.6678,1.03
59.33,-0.755,0.113,0.6863,1.03
59.431,-0.774,0.1113,0.6905,1.04
59.531,-0.7618,0.1287,0.6702,1.02
59.632,-0.7857,0.1255,0.66,1.03
59.732,-0.7481,0.134,0.6527,1
59.832,-0.7655,0.1211,0.6619,1.02
59.934,-0.7542,0.1328,0.6597,1.01
60.037,-0.7764,0.127,0.6793,1.04
60.138,-0.7362,0.1404,0.6812,1.01
60.238,-0.7254,0.1716,0.6683,1
60.338,-0.6292,0.1528,0.6009,0.88
60.441,-0.3357,0.2608,0.3643,0.56
60.54,-0.1538,0.0564,0.2598,0.31
60.64,-0.0161,-0.0159,0.0403,0.05
60.743,-0.0166,-0.0132,0.0623,0.07
60.841,-0.0232,-0.0845,0.0042,0.09
60.942,-0.0696,-0.303,0.1089,0.33
61.043,0.1785,-0.0991,0.3059,0.37
61.143,-0.0293,0.0073,0.9413,0.94
61.244,-0.0129,0.012,1.0148,1.01
61.344,-0.0115,0.0125,1.0157,1.02
61.445,-0.012,0.0125,1.0135,1.01
61.545,0.0757,0.0999,0.8695,0.88
61.645,-0.0129,0.0103,0.9918,0.99
61.745,-0.0103,0.0134,1.0143,1.01
61.846,-0.0105,0.0146,1.0091,1.01
61.946,-0.0105,0.0144,1.0128,1.01
62.049,-0.011,0.0142,1.0099,1.01
62.153,-0.0081,0.0173,1.0121,1.01
62.25,-0.0115,0.0149,1.0099,1.01
62.349,-0.0095,0.0137,1.0123,1.01
62.449,-0.0105,0.0151,1.0113,1.01
62.55,-0.0095,0.0142,1.0104,1.01
62.65,-0.0083,0.0151,1.0091,1.01
62.75,-0.0083,0.0132,1.0118,1.01
62.851,-0.011,0.0159,1.0111,1.01
62.951,-0.0093,0.0154,1.0108,1.01
63.054,-0.0103,0.0166,1.0135,1.01
63.154,-0.0125,0.0139,1.0121,1.01
63.257,-0.0112,0.0134,1.0118,1.01
63.355,-0.0129,0.0144,1.0113,1.01
63.457,-0.0117,0.0137,1.0126,1.01
63.556,-0.0095,0.0137,1.0121,1.01
63.656,-0.011,0.0151,1.0111,1.01
63.757,-0.0093,0.0156,1.0099,1.01
63.857,-0.011,0.0156,1.0118,1.01
63.958,-0.0095,0.0164,1.0113,1.01
64.059,-0.0083,0.0156,1.0133,1.01
64.159,-0.011,0.0156,1.0118,1.01
64.261,-0.0112,0.0168,1.0108,1.01
64.37,-0.0095,0.0159,1.0104,1.01
64.462,-0.0073,0.0217,1.013,1.01
64.562,-0.009,0.0146,1.014,1.01
64.662,-0.0117,0.0161,1.013,1.01
64.763,-0.01,0.0149,1.0118,1.01
64.864,-0.0103,0.0132,1.0106,1.01
64.964,-0.0103,0.0144,1.0111,1.01
65.064,-0.0105,0.0171,1.0155,1.02
65.164,-0.0093,0.0144,1.0101,1.01
65.264,-0.0117,0.0154,1.0118,1.01
65.37,-0.0095,0.0144,1.013,1.01
65.469,-0.0081,0.0151,1.0108,1.01
65.567,-0.01,0.0151,1.0104,1.01
65.669,-0.0061,0.0137,1.0108,1.01
65.769,-0.0112,0.0139,1.0123,1.01
65.87,-0.011,0.0144,1.0108,1.01
65.969,-0.0051,0.0183,1.0108,1.01
66.072,-0.0107,0.0149,1.0086,1.01
66.171,-0.0115,0.0159,1.0079,1.01
66.271,-0.0115,0.0154,1.0123,1.01
66.377,-0.0122,0.0117,1.0106,1.01
66.479,-0.0088,0.0164,1.0213,1.02
66.577,-0.0132,0.0151,1.0065,1.01
66.678,0.0305,-0.0049,0.9881,0.99
66.781,-0.0115,-0.0293,0.9964,1
66.88,-0.0269,-0.0037,0.9835,0.98
66.981,-0.0899,-0.0501,1.0318,1.04
67.081,-0.0327,-0.063,1.1171,1.12
67.182,-0.3223,-0.1091,1.1495,1.2
67.282,-0.3802,-0.1284,1.1825,1.25
67.383,-0.428,-0.0615,0.9481,1.04
67.483,-0.5315,-0.0271,0.9027,1.05
67.584,-0.4686,0.0005,0.8326,0.96
67.684,-0.5477,0.0974,0.7584,0.94
67.785,-0.5972,0.1121,0.835,1.03
67.886,-0.5662,0.1316,0.7987,0.99
67.986,-0.577,0.1846,0.7381,0.95
68.086,-0.5862,0.2344,0.7086,0.95
68.187,-0.6802,0.2512,0.7369,1.03
68.287,-0.6612,0.2798,0.6434,0.96
68.389,-0.6458,0.291,0.6458,0.96
68.488,-0.6829,0.2969,0.6863,1.01
68.588,-0.6973,0.3059,0.6732,1.02
68.688,-0.7061,0.3108,0.6898,1.03
68.789,-0.7108,0.312,0.6793,1.03
68.889,-0.6903,0.3138,0.6495,1
68.991,-0.6778,0.3257,0.6466,0.99
69.092,-0.7296,0.324,0.6629,1.04
69.192,-0.7335,0.3225,0.6585,1.04
69.301,-0.72,0.3233,0.6612,1.03
69.4,-0.7393,0.3304,0.6646,1.05
69.5,-0.7213,0.3377,0.65,1.03
69.6,-0.7196,0.3333,0.6265,1.01
69.702,-0.7366,0.3489,0.6444,1.04
69.803,-0.7232,0.3492,0.6551,1.04
69.904,-0.7215,0.3506,0.6339,1.02
70.006,-0.7237,0.3609,0.626,1.02
70.106,-0.7508,0.3672,0.6075,1.03
70.206,-0.8026,0.3555,0.6058,1.07
70.307,-0.7567,0.354,0.619,1.04
70.406,-0.7415,0.3494,0.5941,1.01
70.509,-0.7271,0.3658,0.661,1.05
70.613,-0.6983,0.3789,0.7235,1.07
70.714,-0.6436,0.3882,0.7117,1.04
70.81,-0.4405,0.3348,0.3152,0.64
70.91,0.0803,0.263,0.0269,0.28
71.014,0.1004,-0.1079,0.0266,0.15
71.112,-0.0088,-0.053,0.0418,0.07
71.212,-0.326,-4.1364,4.8223,6.36
71.313,-0.0144,-0.073,0.0115,0.08
71.42,0.012,1.2059,1.9436,2.29
71.514,-0.0139,0.0933,0.4129,0.42
71.615,-0.0061,0.009,1.0145,1.01
71.719,-0.0049,0.01,1.0121,1.01
71.821,-0.0042,0.0076,1.0111,1.01
71.928,0.0483,0.0652,0.8487,0.85
72.021,-0.0088,0.0103,1.0162,1.02
72.124,-0.0029,0.0134,1.0101,1.01
72.222,-0.0051,0.0122,1.0106,1.01
72.322,-0.0039,0.0134,1.0096,1.01
72.423,-0.0015,0.0098,1.0118,1.01
72.525,-0.0027,0.0095,1.0126,1.01
72.628,-0.0039,0.0115,1.0111,1.01
72.727,-0.0042,0.0117,1.0123,1.01
72.826,-0.0032,0.01,1.0072,1.01
72.928,-0.002,0.0095,1.0077,1.01
73.029,-0.0046,0.0083,1.0135,1.01
73.129,-0.0005,0.0112,1.017,1.02
73.229,-0.0088,-0.001,1.0379,1.04
73.333,0.0024,0.0212,1.0121,1.01
73.432,0.0188,0.0493,1.0104,1.01
73.533,-0.0273,-0.0513,1.1278,1.13
73.633,-0.2959,-0.2686,0.7015,0.81
73.732,-0.3064,-0.1182,0.9488,1
73.834,-0.3662,-0.0266,0.9544,1.02
73.934,-0.431,-0.0708,1.0016,1.09
74.035,-0.5513,-0.1109,0.8106,0.99
74.135,-0.5894,-0.1228,0.7613,0.97
74.235,-0.6614,-0.1411,0.8236,1.07
74.337,-0.6675,-0.1934,0.7928,1.05
74.438,-0.764,-0.1839,0.8834,1.18
74.537,-0.8516,-0.1582,0.8209,1.19
74.638,-0.7457,-0.0742,0.7638,1.07
74.739,-0.7984,-0.0205,0.6509,1.03
74.842,-0.8241,0.0295,0.7479,1.11
74.944,-0.7222,0.082,0.6448,0.97
75.042,-0.712,0.1194,0.6971,1
75.142,-0.7813,0.1924,0.5613,0.98
75.243,-0.7916,0.2454,0.6089,1.03
75.342,-0.7813,0.3015,0.501,0.98
75.443,-0.7703,0.3374,0.5452,1
75.544,-0.7489,0.3875,0.4532,0.96
75.645,-0.7523,0.4231,0.4568,0.98
75.75,-0.7408,0.4312,0.4959,0.99
75.85,-0.7804,0.4353,0.5149,1.03
75.95,-0.7891,0.441,0.4881,1.03
76.05,-0.741,0.4764,0.4603,0.99
76.15,-0.7345,0.4517,0.5235,1.01
76.25,-0.7291,0.4493,0.4908,0.99
76.352,-0.7589,0.4732,0.5103,1.03
76.453,-0.7813,0.4527,0.472,1.02
76.553,-0.7894,0.4695,0.4859,1.04
76.655,-0.7913,0.4485,0.5523,1.06
76.754,-0.7484,0.4524,0.4898,1
76.857,-0.774,0.4705,0.4979,1.03
76.959,-0.7528,0.4627,0.4783,1
77.084,-0.7618,0.4695,0.4896,1.02
77.158,-0.7537,0.4666,0.4891,1.01
77.263,-0.7664,0.4759,0.4915,1.03
77.366,-0.7733,0.4761,0.5074,1.04
77.472,-0.7733,0.4678,0.5003,1.03
77.56,-0.7623,0.4766,0.4805,1.02
77.665,-0.7418,0.4654,0.5135,1.02
77.764,-0.7428,0.4786,0.503,1.02
77.865,-0.7625,0.4756,0.5167,1.04
77.965,-0.7423,0.4695,0.5169,1.02
78.066,-0.7325,0.4659,0.5108,1.01
78.17,-0.7703,0.481,0.5125,1.04
78.265,-0.731,0.472,0.5181,1.01
78.375,-0.7508,0.4722,0.5406,1.04
78.47,-0.744,0.4744,0.5169,1.02
78.573,-0.741,0.4805,0.5215,1.03
78.671,-0.7576,0.491,0.5303,1.05
78.771,-0.7562,0.4688,0.5342,1.04
78.874,-0.7362,0.4739,0.5367,1.03
78.977,-0.7542,0.48,0.563,1.06
79.077,-0.7535,0.4622,0.5594,1.05
79.177,-0.7647,0.4436,0.5469,1.04
79.277,-0.7359,0.4422,0.5828,1.04
79.379,-0.6805,0.4556,0.5679,1
79.479,-0.6815,0.4561,0.5477,0.99
79.581,-0.7174,0.462,0.5867,1.04
79.681,-0.678,0.4527,0.5897,1.01
79.782,-0.7198,0.4651,0.5723,1.03
79.886,-0.7132,0.4642,0.5965,1.04
79.982,-0.7003,0.4563,0.5865,1.02
80.082,-0.7056,0.4534,0.5984,1.03
80.183,-0.7098,0.4563,0.588,1.03
80.283,-0.6671,0.45,0.5726,0.99
80.384,-0.7044,0.4605,0.5872,1.03
80.484,-0.7152,0.4541,0.6202,1.05
80.585,-0.6451,0.4825,0.5799,0.99
80.685,-0.3301,0.5079,0.4275,0.74
80.786,0.117,0.4305,0.0295,0.45
80.886,0,-0.0681,0.0332,0.08
80.987,-0.0002,-0.0657,0.0369,0.08
81.087,-0.0239,2.3049,-0.4231,2.34
81.188,-0.0134,-0.0576,0.0278,0.07
81.288,-0.0278,-0.114,0.387,0.4
81.39,0.0203,-0.0125,1.2499,1.25
81.49,-0.0085,0.0081,1.0157,1.02
81.591,-0.0081,0.0078,1.0108,1.01
81.695,-0.0095,0.0066,1.0113,1.01
81.8,-0.0112,0.009,1.013,1.01
81.893,-0.0093,0.0107,1.0123,1.01
81.995,-0.0085,0.0112,1.0126,1.01
82.093,-0.0071,0.0161,1.0067,1.01
82.197,-0.0088,0.0105,1.0074,1.01
82.298,-0.0012,0.012,1.0057,1.01
82.397,0.0015,0.0149,1.0079,1.01
82.497,0.0027,0.0188,1.013,1.01
82.598,0.0024,0.0176,1.0126,1.01
82.698,-0.0017,0.0161,1.006,1.01
82.798,-0.0122,0.0129,1.0069,1.01
82.898,-0.0278,0.012,1.0353,1.04
82.998,-0.0347,-0.0146,1.0314,1.03
83.099,-0.0444,-0.0171,0.9989,1
83.199,-0.0889,-0.0042,0.9984,1
83.299,-0.1306,-0.1414,1.0079,1.03
83.399,-0.1494,-0.0642,1.0121,1.03
83.503,-0.1609,-0.1294,1.0221,1.04
83.602,-0.209,-0.1797,0.9806,1.02
83.712,-0.2354,-0.1878,0.9877,1.03
83.803,-0.4351,-0.2261,0.9212,1.04
83.904,-0.4856,-0.2752,0.7503,0.94
84.007,-0.4654,-0.262,0.9774,1.11
84.105,-0.4932,-0.2339,0.9974,1.14
84.205,-0.5176,-0.2058,0.9669,1.12
84.305,-0.7012,-0.1575,0.9483,1.19
84.405,-0.775,-0.1096,0.8468,1.15
84.506,-0.6236,0.0115,0.793,1.01
84.606,-0.598,0.1004,0.6722,0.91
84.71,-0.6514,0.1521,0.6932,0.96
84.809,-0.7064,0.2114,0.5894,0.94
84.915,-0.7794,0.2388,0.6124,1.02
85.009,-0.7843,0.2705,0.6881,1.08
85.111,-0.7181,0.3033,0.5486,0.95
85.217,-0.7491,0.3164,0.6229,1.02
85.311,-0.6981,0.3394,0.5967,0.98
85.426,-0.6751,0.3555,0.6473,1
85.516,-0.6505,0.3921,0.67,1.01
85.612,-0.6529,0.41,0.689,1.03
85.721,-0.657,0.4244,0.6944,1.05
85.821,-0.6502,0.4251,0.7059,1.05
85.918,-0.6304,0.4361,0.6531,1.01
86.023,-0.5723,0.4327,0.6451,0.96
86.125,-0.5611,0.4422,0.6492,0.97
86.226,-0.546,0.4434,0.7828,1.05
86.326,-0.5347,0.49,0.7037,1.01
86.426,-0.4822,0.5198,0.671,0.98
86.542,-0.4927,0.5223,0.701,1
86.651,-0.5135,0.5191,0.7581,1.05
86.737,-0.5198,0.5101,0.7274,1.03
86.839,-0.5355,0.5118,0.7298,1.04
86.939,-0.5733,0.5543,0.6429,1.02
87.046,-0.5709,0.5635,0.7049,1.07
87.14,-0.5201,0.5731,0.6607,1.02
87.24,-0.4961,0.5735,0.6614,1.01
87.341,-0.4971,0.5713,0.6798,1.02
87.441,-0.5135,0.5723,0.6917,1.03
87.543,-0.4754,0.574,0.6597,1
87.643,-0.4991,0.585,0.6524,1.01
87.754,-0.4551,0.6487,0.6431,1.02
87.849,-0.4983,0.6739,0.6448,1.06
87.949,-0.4896,0.6617,0.588,1.01
88.049,-0.4563,0.6629,0.554,0.98
88.151,-0.4754,0.6783,0.598,1.02
88.251,-0.4466,0.6885,0.6302,1.03
88.351,-0.4595,0.6815,0.6346,1.04
88.451,-0.388,0.6873,0.5582,0.97
88.553,-0.3316,0.7127,0.5386,0.95
88.658,-0.3872,0.7691,0.6463,1.08
88.756,-0.3677,0.8372,0.6426,1.12
88.854,-0.3084,0.8675,0.5628,1.08
88.965,-0.2522,0.8707,0.5374,1.05
89.061,-0.2825,0.8726,0.5333,1.06
89.169,-0.2603,0.8236,0.4048,0.95
89.262,-0.2993,0.8363,0.386,0.97
89.354,-0.3499,0.8519,0.4473,1.02
89.455,-0.3086,0.868,0.4285,1.02
89.563,-0.3396,0.8687,0.4612,1.04
89.664,-0.2644,0.8629,0.4998,1.03
89.76,-0.2493,0.8614,0.4092,0.99
89.863,-0.2417,0.877,0.4788,1.03
89.964,-0.2574,0.8778,0.4559,1.02
90.063,-0.2727,0.8822,0.4554,1.03
90.164,-0.2456,0.8858,0.4541,1.03
90.263,-0.2354,0.888,0.44,1.02
90.364,-0.239,0.8822,0.4515,1.02
90.467,-0.253,0.8773,0.4671,1.03
90.567,-0.2522,0.8792,0.4251,1.01
90.67,-0.232,0.8455,0.3785,0.95
90.768,-0.0769,0.6168,0.1255,0.63
90.891,-0.145,0.3611,-0.0315,0.39
90.969,-0.0176,0.0073,0.0132,0.02
91.07,-0.0171,0.0051,0.0208,0.03
91.172,-0.0271,-0.2537,0.0107,0.26
91.271,-0.0042,-0.1548,-0.3528,0.39
91.373,-0.0112,0.0195,0.2085,0.21
91.472,-0.0044,0.0549,1.1048,1.11
91.574,-0.0059,0.0518,1.0035,1
91.673,-0.002,0.0496,1.0148,1.02
91.774,-0.0044,0.054,0.9613,0.96
91.874,-0.0044,0.0496,1.0077,1.01
91.976,-0.0007,0.0496,1.0116,1.01
92.082,-0.0017,0.0503,1.0123,1.01
92.185,-0.0027,0.0505,1.0113,1.01
92.285,-0.0039,0.0496,1.0099,1.01
92.386,-0.002,0.0488,1.013,1.01
92.478,0.0022,0.0574,1.0184,1.02
92.579,0.0115,0.0615,1.0072,1.01
92.687,0.0588,0.0649,1.0099,1.01
92.779,0.0483,-0.0779,0.9713,0.98
92.88,-0.2473,-0.0896,0.9618,1
92.984,-0.0139,0.0317,0.9698,0.97
93.087,-0.3062,-0.0601,0.9955,1.04
93.19,-0.5154,-0.0127,1.0355,1.16
93.286,-0.2005,-0.0532,1.0406,1.06
93.383,-0.4021,0.1504,1.1825,1.26
93.493,-0.4905,0.2447,0.9068,1.06
93.584,-0.6368,0.1516,0.7581,1
93.693,-0.5665,0.2649,0.7037,0.94
93.786,-0.6448,0.2952,0.8265,1.09
93.89,-0.7183,0.3213,0.7308,1.07
93.994,-0.6844,0.3399,0.7164,1.05
94.088,-0.6712,0.3636,0.7208,1.05
94.196,-0.6644,0.3977,0.6146,0.99
94.299,-0.7042,0.4324,0.5999,1.02
94.391,-0.6824,0.4803,0.5035,0.97
94.496,-0.6807,0.5123,0.4844,0.98
94.591,-0.6649,0.5518,0.399,0.95
94.692,-0.661,0.5716,0.4561,0.99
94.792,-0.6773,0.5933,0.4578,1.01
94.892,-0.702,0.6107,0.4847,1.05
94.993,-0.6773,0.6063,0.44,1.01
95.093,-0.6551,0.6104,0.406,0.98
95.196,-0.6539,0.6107,0.45,1
95.302,-0.6536,0.6204,0.4446,1
95.396,-0.7149,0.6121,0.43,1.03
95.5,-0.7357,0.6246,0.4124,1.05
95.597,-0.7662,0.5919,0.4134,1.05
95.705,-0.7659,0.5916,0.3391,1.03
95.797,-0.7618,0.5977,0.263,1
95.918,-0.8302,0.5628,0.3555,1.06
96.005,-0.7581,0.5442,0.3343,0.99
96.113,-0.8143,0.5411,0.3372,1.03
96.203,-0.8206,0.5286,0.2923,1.02
96.317,-0.8712,0.5167,0.2862,1.05
96.405,-0.89,0.5008,0.2864,1.06
96.508,-0.856,0.4998,0.2869,1.03
96.606,-0.8636,0.5469,0.2644,1.06
96.713,-0.9139,0.5472,0.2776,1.1
96.806,-0.909,0.5543,0.3555,1.12
96.906,-0.8631,0.5311,0.2134,1.04
97.007,-0.8319,0.4944,0.1602,0.98
97.109,-0.8668,0.5201,0.1763,1.03
97.209,-0.8433,0.5213,0.1077,1
97.307,-0.8302,0.5374,0.1021,0.99
97.408,-0.8272,0.5423,0.0584,0.99
97.515,-0.8565,0.5565,0.0715,1.02
97.609,-0.8526,0.5623,0.0444,1.02
97.708,-0.8736,0.5611,0.0278,1.04
97.817,-0.8714,0.565,0.0264,1.04
97.91,-0.8687,0.5709,0.009,1.04
98.017,-0.8578,0.5709,-0.0291,1.03
98.111,-0.9422,0.5884,0.0088,1.11
98.211,-0.88,0.5652,-0.0327,1.05
98.321,-0.7479,0.5657,-0.0156,0.94
98.411,-0.7767,0.5789,-0.0017,0.97
98.51,-0.7791,0.5867,-0.009,0.98
98.622,-0.8407,0.5875,0.011,1.03
98.713,-0.8744,0.576,-0.0039,1.05
98.82,-0.8585,0.576,-0.0068,1.03
98.912,-0.8702,0.5694,0.0046,1.04
99.012,-0.8336,0.5691,-0.0039,1.01
99.112,-0.8331,0.5757,-0.0073,1.01
99.221,-0.858,0.5628,0.0032,1.03
99.325,-0.8922,0.5679,0.0173,1.06
99.414,-0.8641,0.5655,0.0083,1.03
99.514,-0.8729,0.5594,-0.0059,1.04
99.623,-0.8641,0.5613,0.0083,1.03
99.721,-0.8521,0.563,0.0032,1.02
99.815,-0.8692,0.5565,0.0134,1.03
99.922,-0.8795,0.5552,-0.0068,1.04
100.033,-0.8526,0.5801,0.0479,1.03
100.133,-0.785,0.5467,-0.0247,0.96
100.235,-0.8831,0.5552,-0.0022,1.04
100.333,-0.7945,0.5608,0.0059,0.97
100.433,-0.87,0.5467,0.0037,1.03
100.554,-0.8573,0.5521,0.01,1.02
100.631,-0.8661,0.5433,0.0369,1.02
100.733,-0.6851,0.5086,-0.0012,0.85
100.841,-0.4778,0.3919,-0.0195,0.62
100.933,-0.6165,0.2676,0.095,0.68
101.035,-0.2649,-0.0027,0.2154,0.34
101.135,-0.0266,-0.0452,0.0444,0.07
101.222,-0.0701,-0.0623,0.241,0.26
101.324,-0.0127,-0.0886,0.0078,0.09
101.423,-0.0523,-0.2254,0.2561,0.35
101.524,-0.2124,-0.0479,1.4577,1.47
101.624,0.0017,0.0017,1.0619,1.06
101.724,0.0022,0.0129,1.0152,1.02
101.826,0.001,0.0085,1.0104,1.01
101.926,0.0798,0.0662,1.2675,1.27
102.026,0.0005,0.0083,1.0482,1.05
102.126,0.0083,0.0159,1.0084,1.01
102.227,0.0032,0.0171,1.0104,1.01
102.327,-0.0012,0.0164,1.0104,1.01
102.427,0.0017,0.0154,1.0091,1.01
102.527,-0.0029,0.0181,1.0108,1.01
102.628,-0.0188,0.0266,1.0128,1.01
102.728,-0.0042,0.0503,1.036,1.04
102.829,-0.0618,-0.0728,1.0421,1.05
102.929,-0.1311,-0.0335,0.9681,0.98
103.029,-0.2256,-0.0317,1.0011,1.03
103.129,-0.2898,-0.0798,0.9552,1
103.231,-0.3921,-0.0928,0.9276,1.01
103.332,-0.4234,-0.063,0.8656,0.97
103.432,-0.3999,-0.0476,0.9286,1.01
103.532,-0.2632,-0.2217,0.982,1.04
103.632,-0.177,0.3384,0.8768,0.96
103.732,0.1099,0.0491,0.7855,0.79
103.834,-0.0127,0.0068,1.0113,1.01
103.934,-0.0139,0.0071,1.0155,1.02
104.034,-0.0144,0.0037,1.0196,1.02
104.136,-0.0144,0.0012,0.9901,0.99
104.236,-0.0032,0.0068,1.0074,1.01
104.337,0.0085,0.0156,1.017,1.02
104.437,0.0259,0.0269,1.0138,1.01
104.539,0.0352,0.0239,1.024,1.02
104.639,0.0337,0.0183,0.9994,1
104.74,0.022,0.0242,0.9989,1
104.839,0.0317,0.022,0.9979,1
104.942,0.0142,0.0181,1.0043,1
105.042,0.0308,0.0134,1.0082,1.01
105.142,-0.1021,0.0034,1.0294,1.03
105.242,-0.031,0.0188,0.995,1
105.343,-0.1565,0.0154,0.9989,1.01
105.445,-0.2127,0.0254,0.9625,0.99
105.545,-0.1863,-0.0642,1.0494,1.07
105.645,-0.3284,0.031,1.0282,1.08
105.745,-0.1091,0.0613,1.0065,1.01
105.846,-0.1165,0.072,0.9735,0.98
105.946,-0.3199,0.1196,1.1896,1.24
106.046,-0.1692,0.2803,1.0462,1.1
106.146,-0.2503,0.1953,1.1058,1.15
106.248,-0.1594,0.2451,0.985,1.03
106.347,-0.1297,0.3428,0.8607,0.94
106.45,-0.1402,0.3946,0.9015,0.99
106.549,-0.0935,0.4625,0.838,0.96
106.649,-0.063,0.5032,0.8004,0.95
106.749,-0.0957,0.5616,0.8272,1
106.85,-0.0164,0.6417,0.7921,1.02
106.951,0.0217,0.6361,0.8748,1.08
107.051,-0.012,0.6392,0.7596,0.99
107.151,0.0396,0.6829,0.6707,0.96
107.252,0.0142,0.6873,0.7003,0.98
107.352,0.0601,0.6859,0.6785,0.97
107.452,0.084,0.6959,0.742,1.02
107.553,0.0986,0.7066,0.7086,1.01
107.654,0.1506,0.703,0.6578,0.97
107.753,0.1526,0.7366,0.6207,0.98
107.853,0.1465,0.7796,0.6014,1
107.954,0.1636,0.7469,0.6602,1.01
108.055,0.1817,0.7213,0.6768,1.01
108.155,0.1541,0.7471,0.6961,1.03
108.255,0.1526,0.7611,0.6419,1.01
108.357,0.1729,0.7349,0.6187,0.98
108.457,0.1795,0.7413,0.6378,0.99
108.558,0.1695,0.7496,0.6666,1.02
108.658,0.1687,0.7601,0.6654,1.02
108.758,0.1658,0.7667,0.6651,1.03
108.858,0.1768,0.7684,0.6495,1.02
108.96,0.1961,0.7481,0.6068,0.98
109.059,0.1631,0.775,0.6334,1.01
109.16,0.1597,0.7755,0.6368,1.02
109.26,0.166,0.7576,0.6654,1.02
109.361,0.187,0.7459,0.6788,1.03
109.462,0.1641,0.7835,0.6776,1.05
109.562,0.1611,0.7601,0.6275,1
109.662,0.1602,0.7891,0.6231,1.02
109.763,0.1614,0.8065,0.6099,1.02
109.864,0.1648,0.7935,0.6011,1.01
109.964,0.1758,0.7672,0.6036,0.99
110.065,0.1692,0.7867,0.6065,1.01
110.164,0.1716,0.8001,0.6126,1.02
110.266,0.1587,0.8128,0.6165,1.03
110.365,0.1734,0.8065,0.5799,1.01
110.465,0.1685,0.7911,0.5955,1
110.567,0.1675,0.7952,0.6048,1.01
110.667,0.1895,0.7852,0.6238,1.02
110.77,0.1673,0.8077,0.6309,1.04
110.87,0.1692,0.8065,0.5943,1.02
110.97,0.1753,0.7833,0.5909,1
111.07,0.1611,0.8057,0.5989,1.02
111.171,0.1821,0.7616,0.5723,0.97
111.271,0.188,0.7445,0.5518,0.95
111.371,0.2813,0.4764,0.4288,0.7
111.471,0.4297,0.1328,0.0786,0.46
111.571,-0.0215,-0.0178,0.023,0.04
111.671,-0.0178,-0.0244,0.0457,0.05
111.772,-0.0322,-0.1502,-0.0171,0.15
111.872,-0.0374,0.1636,-0.0295,0.17
111.972,-0.0344,0.1321,-0.1528,0.2
112.073,-0.053,0.1343,0.4869,0.51
112.173,-0.0083,-0.0076,0.9896,0.99
112.279,-0.0085,-0.0078,1.0138,1.01
112.38,-0.0105,-0.0066,1.0106,1.01
112.482,-0.0078,-0.0044,1.0123,1.01
112.583,-0.0078,-0.0044,1.0135,1.01
112.682,-0.0083,-0.0076,1.0111,1.01
112.783,-0.0051,-0.0044,1.0096,1.01
112.884,-0.009,-0.0051,1.0133,1.01
112.984,-0.0073,-0.0039,1.0123,1.01
113.085,-0.0066,-0.0059,1.0113,1.01
113.184,-0.0078,-0.0073,1.0111,1.01
113.285,-0.0063,-0.0061,1.0091,1.01
113.385,-0.0085,-0.0073,1.0111,1.01
113.486,-0.0081,-0.0039,1.0106,1.01
113.586,-0.0063,0.0115,1.0157,1.02
113.688,-0.0056,-0.0034,1.0172,1.02
113.788,-0.0039,-0.0039,1.0055,1.01
113.891,-0.0029,-0.0095,1.0099,1.01
113.989,0.3904,0.0093,1.0094,1.08
114.09,0.084,-0.0671,1.0321,1.04
114.19,-0.3233,-0.0244,0.9593,1.01
114.29,-0.2307,0.1084,0.858,0.9
114.393,-0.1956,-0.0947,0.9576,0.98
114.492,-0.3753,0.1536,0.9752,1.06
114.593,-0.3526,0.0398,0.8858,0.95
114.693,-0.4031,0.0703,1.1036,1.18
114.793,-0.0159,0.1231,0.9432,0.95
114.894,-0.1045,0.3245,0.8333,0.9
114.996,-0.0596,0.4473,0.9239,1.03
115.096,-0.0635,0.5508,0.6839,0.88
115.196,-0.0957,0.6265,0.8062,1.03
115.297,-0.0376,0.5272,0.9105,1.05
115.398,-0.0569,0.483,0.8963,1.02
115.499,-0.0574,0.4549,0.9415,1.05
115.6,-0.0686,0.4378,0.941,1.04
115.701,-0.0901,0.4312,0.9061,1.01
115.802,-0.0466,0.4109,0.8936,0.98
115.901,-0.1006,0.3733,0.9496,1.03
116.001,-0.0913,0.3245,0.9857,1.04
116.102,-0.1087,0.2854,0.953,1
116.204,-0.1152,0.2649,0.9918,1.03
116.303,-0.1218,0.253,0.9576,1
116.403,-0.1389,0.2102,1.0274,1.06
116.505,-0.1338,0.1897,0.9808,1.01
116.606,-0.1323,0.198,0.9991,1.03
116.706,-0.1367,0.2046,0.9879,1.02
116.806,-0.1272,0.2129,0.9889,1.02
116.906,-0.1304,0.2188,0.9972,1.03
117.009,-0.125,0.2173,0.9869,1.02
117.109,-0.1238,0.2207,0.9928,1.02
117.209,-0.1245,0.2234,0.9962,1.03
117.31,-0.1192,0.2288,1.0174,1.05
117.41,-0.1321,0.2669,0.9867,1.03
117.51,-0.1328,0.3306,1.0218,1.08
117.61,-0.2268,0.5279,1.0919,1.23
117.711,-0.1704,0.4407,1.0113,1.12
117.811,-0.115,0.4505,0.8197,0.94
117.911,-0.0759,0.4493,0.7811,0.9
118.012,-0.0779,0.5482,0.847,1.01
118.112,-0.0725,0.6343,0.8292,1.05
118.216,-0.0501,0.5931,0.8443,1.03
118.313,-0.0093,0.6107,0.742,0.96
118.414,-0.0015,0.6158,0.7564,0.98
118.513,0.0176,0.5735,0.7823,0.97
118.613,0.0215,0.5914,0.7471,0.95
118.714,0.0122,0.638,0.7586,0.99
118.816,0.0132,0.6417,0.7833,1.01
118.915,-0.0393,0.7015,0.8089,1.07
119.016,-0.0095,0.6578,0.7764,1.02
119.116,-0.0029,0.6475,0.7647,1
119.216,0.0007,0.6654,0.7657,1.01
119.316,0.0049,0.6575,0.7401,0.99
119.418,-0.0059,0.6651,0.7598,1.01
119.518,-0.0039,0.681,0.7694,1.03
119.619,0.0168,0.6373,0.7423,0.98
119.719,0.0154,0.6221,0.7769,1
119.82,-0.0286,0.681,0.7879,1.04
119.921,-0.0479,0.7152,0.807,1.08
120.02,-0.0344,0.6697,0.8109,1.05
120.121,-0.0305,0.6695,0.7818,1.03
120.221,0.0198,0.6685,0.7349,0.99
120.321,0.0039,0.657,0.7413,0.99
120.422,0.0024,0.6741,0.7428,1
120.522,0.0027,0.6966,0.7508,1.02
120.622,0.0061,0.6929,0.7401,1.01
120.723,0.0081,0.6878,0.7486,1.02
120.824,0.0046,0.692,0.7384,1.01
120.927,0.0098,0.6947,0.7503,1.02
121.027,-0.0059,0.7608,0.7855,1.09
121.127,0.0161,0.9242,0.9044,1.29
121.228,0.1685,0.6446,0.7274,0.99
121.328,0.2278,0.5972,0.7564,0.99
121.429,0.2569,0.5972,0.5994,0.88
121.529,0.3304,0.284,0.5159,0.68
121.629,0.0293,0.0264,0.0149,0.04
121.729,-0.0149,0.012,0.0173,0.03
121.829,-0.0166,0.0115,0.0322,0.04
121.93,0.218,-0.2786,-1.5866,1.63
122.03,-1.0848,-0.4673,5.6204,5.74
122.13,-0.0024,0.115,0.5816,0.59
122.23,0.01,0.0034,1.0072,1.01
122.332,0.0125,0.0063,1.0011,1
122.434,0.0083,0,1.0096,1.01
122.533,0.0068,0.0017,1.0118,1.01
122.637,0.009,0.0007,1.0116,1.01
122.736,0.01,0.0017,1.016,1.02
122.837,0.0122,0.002,1.0079,1.01
122.938,0.01,0.0012,1.0209,1.02
123.039,0.0044,0,0.9977,1
123.139,0.0305,0.0063,1.0069,1.01
123.248,0.1177,0.0005,1.0218,1.03
123.341,-0.4415,-0.2105,0.9334,1.05
123.442,-0.292,-0.1394,0.9344,0.99
123.543,-0.0955,-0.0349,1.0951,1.1
123.643,-0.1975,-0.187,1.1095,1.14
123.744,-0.2871,0.3411,1.0389,1.13
123.846,-0.156,0.2796,0.8763,0.93
123.945,-0.3987,0.0808,0.993,1.07
124.046,-0.3914,0.2227,0.9476,1.05
124.146,-0.4217,0.3885,0.9171,1.08
124.246,-0.4952,0.5169,0.8485,1.11
124.346,-0.462,0.4949,0.7305,1
124.446,-0.5086,0.4693,0.7484,1.02
124.548,-0.4937,0.5587,0.5923,0.95
124.648,-0.5457,0.5723,0.6729,1.04
124.747,-0.504,0.5779,0.5931,0.97
124.849,-0.5691,0.6439,0.5652,1.03
124.949,-0.5499,0.6041,0.6041,1.02
125.049,-0.5762,0.6431,0.5755,1.04
125.149,-0.575,0.6556,0.616,1.07
125.25,-0.5323,0.6341,0.6317,1.04
125.35,-0.4727,0.6102,0.5901,0.97
125.453,-0.4864,0.6444,0.6058,1.01
125.551,-0.5076,0.6661,0.597,1.03
125.654,-0.5127,0.6934,0.6136,1.06
125.753,-0.4952,0.6971,0.5921,1.04
125.854,-0.491,0.7069,0.6175,1.06
125.955,-0.4463,0.6844,0.5945,1.01
126.055,-0.4065,0.6771,0.5845,0.98
126.155,-0.4295,0.7132,0.5938,1.02
126.255,-0.4324,0.7381,0.5887,1.04
126.357,-0.377,0.7164,0.6026,1.01
126.456,-0.3665,0.7222,0.5926,1
126.557,-0.4114,0.7645,0.5867,1.05
126.656,-0.4307,0.7484,0.5928,1.05
126.758,-0.4143,0.7308,0.5699,1.02
126.863,-0.4275,0.7728,0.5618,1.05
126.964,-0.4278,0.7603,0.5696,1.04
127.065,-0.3934,0.7403,0.5276,0.99
127.166,-0.4063,0.7606,0.4827,0.99
127.266,-0.4187,0.784,0.5528,1.05
127.369,-0.4429,0.7909,0.5438,1.06
127.468,-0.4029,0.7564,0.521,1
127.57,-0.4163,0.7826,0.5196,1.03
127.669,-0.406,0.7801,0.535,1.03
127.769,-0.3929,0.7965,0.5096,1.02
127.869,-0.386,0.794,0.5381,1.03
127.969,-0.3621,0.7948,0.5286,1.02
128.069,-0.3753,0.806,0.4979,1.02
128.171,-0.3697,0.8009,0.4786,1
128.271,-0.3785,0.8026,0.4771,1.01
128.371,-0.3824,0.8131,0.4576,1.01
128.473,-0.377,0.8128,0.4861,1.02
128.573,-0.3977,0.8285,0.4971,1.04
128.674,-0.4024,0.8519,0.4876,1.06
128.775,-0.388,0.8253,0.4666,1.02
128.875,-0.3724,0.7945,0.4983,1.01
128.975,-0.3934,0.8126,0.4854,1.03
129.079,-0.4002,0.8236,0.461,1.03
129.177,-0.3975,0.8143,0.4568,1.01
129.279,-0.3907,0.8092,0.4505,1.01
129.38,-0.3894,0.8048,0.4434,1
129.482,-0.4126,0.8177,0.4766,1.03
129.581,-0.3853,0.8045,0.4942,1.02
129.68,-0.4034,0.807,0.5176,1.04
129.782,-0.3763,0.7938,0.5118,1.02
129.883,-0.3904,0.8082,0.5228,1.04
129.983,-0.3848,0.7935,0.5215,1.02
130.09,-0.3765,0.7894,0.5362,1.03
130.19,-0.3748,0.7764,0.5203,1.01
130.29,-0.3748,0.7826,0.503,1
130.391,-0.4073,0.8026,0.5308,1.04
130.491,-0.3794,0.786,0.5184,1.02
130.594,-0.3965,0.794,0.5127,1.02
130.697,-0.408,0.7996,0.5125,1.03
130.797,-0.4007,0.7906,0.5384,1.04
130.898,-0.3794,0.7696,0.5201,1
130.999,-0.4292,0.8106,0.5367,1.06
131.1,-0.3443,0.7401,0.5496,0.98
131.2,-0.1631,0.6165,0.5425,0.84
131.301,-0.061,0.2422,0.3604,0.44
131.402,-0.021,-0.0107,0.0195,0.03
131.504,-0.0188,-0.0107,0.0454,0.05
131.604,-0.0159,-0.001,-0.0166,0.02
131.704,-0.0523,0.0725,0.0107,0.09
131.806,-0.3062,0.1904,1.1298,1.19
131.908,-0.0134,0.0063,1.0465,1.05
132.007,-0.009,0.0063,1.0077,1.01
132.109,-0.0085,0.0049,1.0111,1.01
132.209,-0.0063,0.0044,1.0094,1.01
132.309,-0.0071,0.0051,1.0123,1.01
132.409,-0.009,0.0046,1.0106,1.01
132.51,-0.0083,0.0073,1.0101,1.01
132.612,-0.0103,0.0059,1.0116,1.01
132.713,-0.0081,0.0046,1.0118,1.01
132.813,-0.0071,0.0044,1.0135,1.01
132.915,-0.0081,0.0066,1.0162,1.02
133.018,-0.0083,0.0051,1.0104,1.01
133.116,-0.0073,0.0068,1.0138,1.01
133.218,-0.0081,0.0088,1.0099,1.01
133.318,-0.0085,0.0054,1.0116,1.01
133.418,-0.0007,0.0081,1.0062,1.01
133.519,-0.0056,0.0056,1.0111,1.01
133.621,-0.0056,0.0071,1.0126,1.01
133.72,-0.01,0.0083,1.0104,1.01
133.822,-0.0083,0.0081,1.0111,1.01
133.924,-0.0068,0.0083,1.0106,1.01
134.023,-0.0059,0.0063,1.0126,1.01
134.123,-0.0042,0.0078,1.013,1.01
134.224,-0.0049,0.0063,1.0069,1.01
134.323,-0.0054,0.0073,1.0133,1.01
134.425,0.0139,0.0142,1.0052,1.01
134.525,0.0171,0.0173,1.013,1.01
134.626,-0.075,-0.1463,1.09,1.1
134.726,-0.1797,0.0088,0.9562,0.97
134.827,-0.3374,0.0349,0.9376,1
134.928,-0.3172,-0.0847,0.92,0.98
135.027,-0.2429,0.0498,1.0992,1.13
135.128,-0.493,0.103,0.8614,1
135.23,-0.4065,-0.0061,1.0773,1.15
135.331,-0.333,-0.0391,1.0148,1.07
135.432,-0.4065,0.125,0.9498,1.04
135.532,-0.3604,0.219,1.1236,1.2
135.633,-0.3138,0.4129,0.7784,0.94
135.733,-0.3941,0.5604,0.7415,1.01
135.836,-0.4244,0.5909,0.731,1.03
135.935,-0.4161,0.6148,0.6697,1
136.038,-0.3995,0.6321,0.6478,0.99
136.137,-0.3785,0.6988,0.6629,1.03
136.237,-0.365,0.7135,0.5865,0.99
136.338,-0.313,0.6907,0.6566,1
136.438,-0.3155,0.7369,0.6353,1.02
136.538,-0.3064,0.7235,0.6632,1.03
136.638,-0.3145,0.7777,0.6119,1.04
136.738,-0.2749,0.7642,0.6612,1.05
136.84,-0.2327,0.7623,0.6348,1.02
136.94,-0.2097,0.7708,0.5916,0.99
137.042,-0.1968,0.785,0.5882,1
137.141,-0.1856,0.7545,0.5862,0.97
137.241,-0.2127,0.8216,0.5696,1.02
137.341,-0.1731,0.7818,0.6063,1
137.441,-0.1829,0.8018,0.6104,1.02
137.542,-0.1541,0.7821,0.6024,1
137.642,-0.1541,0.7845,0.6002,1
137.742,-0.1721,0.7935,0.5933,1.01
137.851,-0.1648,0.8011,0.5914,1.01
137.944,-0.1834,0.8084,0.6182,1.03
138.043,-0.1565,0.8006,0.6004,1.01
138.145,-0.1355,0.7794,0.6216,1.01
138.244,-0.1443,0.7769,0.6544,1.03
138.345,-0.1568,0.8165,0.6075,1.03
138.445,-0.1585,0.8009,0.6026,1.01
138.546,-0.1411,0.796,0.5877,1
138.646,-0.124,0.7862,0.6019,1
138.747,-0.1384,0.8067,0.6453,1.04
138.849,-0.1441,0.7999,0.6207,1.02
138.948,-0.1494,0.8043,0.6087,1.02
139.048,-0.1546,0.7994,0.6248,1.03
139.149,-0.1682,0.8138,0.6248,1.04
139.249,-0.148,0.7967,0.6236,1.02
139.35,-0.136,0.7818,0.6263,1.01
139.451,-0.1629,0.8065,0.6473,1.05
139.55,-0.1614,0.7979,0.6151,1.02
139.653,-0.1685,0.7884,0.6197,1.02
139.75,-0.1677,0.7928,0.6236,1.02
139.866,-0.1646,0.7957,0.6182,1.02
139.953,-0.1553,0.7838,0.629,1.02
140.053,-0.146,0.7721,0.6094,0.99
140.154,-0.158,0.7884,0.5967,1
140.262,-0.1665,0.7901,0.6204,1.02
140.359,-0.1695,0.7972,0.6234,1.03
140.459,-0.1465,0.7786,0.6209,1.01
140.56,-0.1416,0.7862,0.6268,1.02
140.66,-0.1565,0.7916,0.6251,1.02
140.761,-0.1568,0.7882,0.637,1.03
140.861,-0.1445,0.7823,0.6199,1.01
140.964,-0.1504,0.7911,0.6187,1.02
141.064,-0.0928,0.8126,0.6422,1.04
141.164,-0.0918,0.9281,0.7789,1.22
141.272,-0.0352,0.8624,0.7313,1.13
141.364,0.3064,0.4075,0.5196,0.73
141.465,-0.0159,0.0125,0.0154,0.03
141.565,-0.023,0.0139,0.0173,0.03
141.667,1.4887,4.7258,-2.7857,5.68
141.77,-0.0706,-0.0842,-0.5064,0.52
141.87,-0.0413,0.0046,0.1758,0.18
141.97,0.0281,0.0144,1.0023,1
142.073,0.0393,0.0085,1.0135,1.01
142.171,0.0388,0.0098,1.0126,1.01
142.272,0.0381,0.0098,1.0108,1.01
142.373,0.0374,0.0078,1.0106,1.01
142.473,0.041,0.0088,1.0104,1.01
142.573,0.0393,0.01,1.0096,1.01
142.673,0.0388,0.0098,1.0099,1.01
142.774,0.0386,0.0098,1.0086,1.01
142.874,0.0405,0.0095,1.0094,1.01
142.978,0.0371,0.009,1.0101,1.01
143.079,0.0378,0.0103,1.0067,1.01
143.178,0.0405,0.0093,1.0152,1.02
143.279,0.0513,0.0166,1.0091,1.01
143.38,0.0752,0.0149,1.0265,1.03
143.479,0.1321,0.0308,1.0648,1.07
143.58,-0.1514,-0.0283,0.9701,0.98
143.682,-0.1609,0.0972,1.0157,1.03
143.78,-0.7039,0.0117,0.8626,1.11
143.894,-0.4493,0.0779,0.8512,0.97
143.988,-0.5413,0.1812,0.9911,1.14
144.089,-0.2793,0.2156,0.9168,0.98
144.19,-0.4307,0.366,1.003,1.15
144.292,-0.3301,0.2979,0.8963,1
144.393,-0.2547,0.4666,0.7269,0.9
144.493,-0.3042,0.5535,0.7957,1.02
144.594,-0.2766,0.5486,0.7747,0.99
144.694,-0.2984,0.5567,0.7493,0.98
144.795,-0.3225,0.6277,0.7515,1.03
144.895,-0.3501,0.6312,0.7225,1.02
145,-0.3523,0.6002,0.7437,1.02
145.102,-0.3372,0.6146,0.7098,1
145.202,-0.3428,0.6177,0.7496,1.03
145.303,-0.3445,0.6277,0.7882,1.06
145.403,-0.3221,0.6321,0.7513,1.03
145.509,-0.2976,0.6143,0.733,1
145.611,-0.2959,0.6155,0.7222,0.99
145.71,-0.2954,0.6358,0.7271,1.01
145.81,-0.3003,0.6497,0.7386,1.03
145.913,-0.3116,0.6497,0.7408,1.03
146.012,-0.304,0.6661,0.72,1.03
146.116,-0.3387,0.6925,0.7816,1.1
146.216,-0.284,0.6409,0.7337,1.01
146.313,-0.2693,0.6529,0.7156,1.01
146.413,-0.2615,0.6654,0.7117,1.01
146.514,-0.2715,0.6981,0.7066,1.03
146.614,-0.251,0.6746,0.6863,0.99
146.726,-0.2532,0.691,0.6761,1
146.825,-0.2771,0.7137,0.7012,1.04
146.926,-0.2842,0.7149,0.7215,1.05
147.026,-0.2674,0.7171,0.6973,1.04
147.126,-0.2591,0.7088,0.6751,1.01
147.229,-0.2459,0.7105,0.6707,1.01
147.327,-0.2561,0.7225,0.6751,1.02
147.429,-0.2617,0.7362,0.6722,1.03
147.528,-0.2693,0.7313,0.6727,1.03
147.63,-0.2564,0.7269,0.6522,1.01
147.73,-0.2464,0.7293,0.6334,1
147.83,-0.2957,0.7857,0.6844,1.08
147.931,-0.2876,0.7699,0.6722,1.06
148.035,-0.2769,0.7747,0.6341,1.04
148.137,-0.3157,0.7557,0.7186,1.09
148.237,-0.2808,0.7181,0.6307,1
148.337,-0.3553,0.763,0.6275,1.05
148.438,-0.3404,0.7447,0.5984,1.01
148.539,-0.3645,0.7879,0.555,1.03
148.639,-0.3943,0.8404,0.5113,1.06
148.739,-0.3597,0.8243,0.4419,1
148.84,-0.385,0.8394,0.4639,1.03
148.941,-0.4415,0.898,0.5098,1.12
149.041,-0.4422,0.9022,0.5088,1.13
149.148,-0.3521,0.8609,0.4739,1.04
149.243,-0.2837,0.8377,0.4515,0.99
149.343,-0.2669,0.826,0.4244,0.97
149.444,-0.2454,0.8209,0.4046,0.95
149.545,-0.2469,0.8543,0.408,0.98
149.644,-0.2249,0.8275,0.4715,0.98
149.744,-0.2305,0.8556,0.441,0.99
149.844,-0.2459,0.8822,0.4388,1.02
149.946,-0.2632,0.9017,0.4436,1.04
150.052,-0.2544,0.8919,0.438,1.03
150.147,-0.2312,0.8814,0.4317,1.01
150.248,-0.2366,0.8873,0.4217,1.01
150.348,-0.2366,0.8907,0.4073,1.01
150.448,-0.2652,0.901,0.3965,1.02
150.549,-0.2559,0.8936,0.4043,1.01
150.652,-0.2532,0.8983,0.4114,1.02
150.75,-0.2652,0.9063,0.4227,1.03
150.85,-0.249,0.8961,0.4104,1.02
150.95,-0.25,0.8929,0.4165,1.02
151.051,-0.2012,0.8365,0.3951,0.95
151.156,0.1436,0.4659,0.2688,0.56
151.251,0.2954,0.1624,0.0564,0.34
151.351,-0.0298,-0.0076,0.0256,0.04
151.453,-0.0276,-0.0068,0.0352,0.05
151.554,-0.3062,-0.0291,-0.2962,0.43
151.655,0.2935,0.4959,-0.0476,0.58
151.755,0.9149,-0.082,-0.4915,1.04
151.855,0.4512,-0.0723,-0.7093,0.84
151.957,0.4253,0.0203,-0.9127,1.01
152.057,0.427,0.0159,-0.8873,0.98
152.158,0.4273,0.0149,-0.8919,0.99
152.258,0.4498,0.0432,-0.9339,1.04
152.358,0.2986,-0.0339,-0.9552,1
152.46,0.5279,-0.1282,-0.8426,1
152.564,0.4234,-0.106,-1.3036,1.37
152.664,-0.2759,0.1306,-1.0738,1.12
152.763,-0.8011,0.3758,-0.2774,0.93
152.875,-0.69,0.3545,0.1992,0.8
152.963,-0.619,0.4073,0.5191,0.9
153.064,-0.5052,0.3697,0.7015,0.94
153.164,-0.5887,0.5044,0.5735,0.96
153.265,-0.5723,0.606,0.9305,1.25
153.369,-0.5569,0.627,0.994,1.3
153.471,-0.3465,0.5027,0.5508,0.82
153.571,-0.5401,0.6168,0.8023,1.15
153.672,-0.4346,0.5176,0.7508,1.01
153.772,-0.419,0.5103,0.762,1.01
153.872,-0.4534,0.5076,0.7625,1.02
153.976,-0.4407,0.4918,0.7887,1.03
154.075,-0.4434,0.4742,0.7913,1.02
154.176,-0.4383,0.462,0.8114,1.03
154.275,-0.4373,0.4573,0.8018,1.02
154.382,-0.431,0.4488,0.8109,1.02
154.476,-0.4356,0.4476,0.8167,1.03
154.575,-0.4661,0.4756,0.7723,1.02
154.677,-0.4576,0.4769,0.7757,1.02
154.777,-0.4056,0.3968,0.8841,1.05
154.877,-0.3575,0.3897,0.9212,1.06
154.977,-0.4007,0.4185,0.8319,1.01
155.077,-0.3704,0.4102,0.8595,1.02
155.177,-0.3921,0.417,0.8597,1.03
155.278,-0.3767,0.3997,0.8438,1.01
155.379,-0.3868,0.4124,0.8441,1.02
155.479,-0.3855,0.407,0.8702,1.04
155.58,-0.3775,0.4002,0.8619,1.02
155.68,-0.3872,0.3975,0.8526,1.02
155.804,-0.377,0.3965,0.8648,1.02
155.881,-0.3897,0.398,0.8578,1.02
155.983,-0.3831,0.4007,0.8687,1.03
156.083,-0.3811,0.4004,0.8678,1.03
156.183,-0.3789,0.3965,0.8595,1.02
156.283,-0.3885,0.4004,0.8524,1.02
156.389,-0.3843,0.399,0.857,1.02
156.491,-0.3821,0.3975,0.8519,1.01
156.585,-0.3848,0.3982,0.8648,1.03
156.69,-0.3875,0.3975,0.8565,1.02
156.791,-0.3843,0.4024,0.8607,1.02
156.888,-0.3919,0.4024,0.8529,1.02
156.996,-0.4007,0.4041,0.8446,1.02
157.092,-0.3951,0.4021,0.8553,1.02
157.195,-0.3941,0.399,0.8558,1.02
157.292,-0.3875,0.4019,0.8516,1.02
157.392,-0.3904,0.3924,0.8548,1.02
157.493,-0.3963,0.4019,0.8507,1.02
157.593,-0.4026,0.4012,0.8531,1.03
157.697,-0.4051,0.4056,0.8502,1.03
157.797,-0.4063,0.3973,0.8546,1.03
157.899,-0.3931,0.3934,0.8551,1.02
157.998,-0.4004,0.3892,0.8578,1.02
158.105,-0.3904,0.386,0.8568,1.02
158.208,-0.438,0.4021,0.8775,1.06
158.311,-0.4915,0.514,0.9996,1.23
158.411,-0.4834,0.5235,0.9127,1.16
158.51,-0.2676,0.3506,0.9413,1.04
158.611,-0.2415,0.3829,0.7808,0.9
158.712,-0.3006,0.4854,0.8197,1
158.812,-0.3379,0.5945,0.6925,0.97
158.91,-0.3284,0.6529,0.6468,0.98
159.012,-0.3291,0.6915,0.7594,1.08
159.116,-0.3096,0.703,0.7283,1.06
159.217,-0.2449,0.7313,0.6331,1
159.313,-0.2498,0.8145,0.4832,0.98
159.414,-0.2571,0.8822,0.5186,1.06
159.517,-0.2058,0.8897,0.5367,1.06
159.615,-0.1568,0.8624,0.504,1.01
159.717,-0.1167,0.8553,0.4888,0.99
159.816,-0.1485,0.8861,0.4441,1
159.917,-0.0872,0.8695,0.3826,0.95
160.017,-0.1013,0.8726,0.3963,0.96
160.118,-0.0972,0.899,0.4903,1.03
160.219,-0.075,0.8939,0.4837,1.02
160.331,-0.104,0.9117,0.5018,1.05
160.425,-0.0867,0.9056,0.4715,1.02
160.527,-0.0779,0.9024,0.4432,1.01
160.624,-0.0742,0.9239,0.438,1.03
160.732,-0.0772,0.9234,0.4388,1.03
160.829,-0.0837,0.9183,0.3931,1
160.935,-0.0303,0.8817,0.4075,0.97
161.035,-0.0498,0.8888,0.3968,0.97
161.138,-0.0518,0.8719,0.3948,0.96
161.238,0.1519,0.4717,0.3509,0.61
161.338,0.3506,0.0164,0.0024,0.35
161.438,-0.0227,0.0049,0.019,0.03
161.538,-0.0222,-0.001,0.0313,0.04
161.639,-0.1453,-0.0493,-0.4732,0.5
161.739,-0.0466,-0.0269,0.0603,0.08
161.843,0.2434,0.0242,0.305,0.39
161.943,-0.0083,-0.0132,0.9352,0.94
162.043,0.0078,-0.0066,1.0145,1.01
162.145,0.0034,-0.0078,1.0096,1.01
162.246,0.0046,-0.0071,1.0152,1.02
162.348,0.0005,-0.0078,1.0099,1.01
162.448,0.0063,-0.0168,1.0257,1.03
162.548,0.4063,0.0779,1.0257,1.11
162.652,-0.1648,-0.1025,1.0038,1.02
162.749,-0.3142,-0.0352,0.9281,0.98
162.851,0.0518,-0.2141,0.9547,0.98
162.951,-0.3045,-0.0999,1.214,1.26
163.052,-0.1988,0.2703,0.8258,0.89
163.153,-0.0584,0.4114,0.932,1.02
163.252,-0.3543,0.4519,0.7992,0.98
163.352,-0.1235,0.6219,0.8753,1.08
163.456,0.0129,0.7117,0.7418,1.03
163.554,-0.1155,0.7757,0.472,0.92
163.656,-0.0996,0.8153,0.5782,1
163.757,-0.1897,0.8573,0.5044,1.01
163.857,-0.1682,0.8516,0.4444,0.98
163.958,-0.2659,0.8194,0.5203,1.01
164.06,-0.314,0.7889,0.6129,1.05
164.163,-0.2517,0.7376,0.7164,1.06
164.263,-0.3072,0.7552,0.6077,1.02
164.363,-0.3274,0.7955,0.5357,1.01
164.464,-0.3128,0.7918,0.556,1.02
164.564,-0.2969,0.7716,0.5963,1.02
164.664,-0.2805,0.6785,0.6077,0.95
164.779,-0.3069,0.6759,0.6859,1.01
164.869,-0.334,0.6512,0.7686,1.06
164.966,-0.3081,0.618,0.7974,1.05
165.072,-0.3147,0.628,0.7249,1.01
165.184,-0.3106,0.607,0.7794,1.04
165.269,-0.3194,0.6182,0.7122,1
165.375,-0.3291,0.6131,0.7581,1.03
165.469,-0.3184,0.6092,0.7718,1.03
165.579,-0.3294,0.6099,0.7677,1.03
165.672,-0.3304,0.6087,0.7459,1.02
165.78,-0.3184,0.606,0.7491,1.01
165.889,-0.325,0.6019,0.7684,1.03
165.97,-0.3245,0.6099,0.7596,1.03
166.075,-0.3181,0.6075,0.7469,1.01
166.173,-0.3213,0.605,0.7559,1.02
166.274,-0.3203,0.598,0.7713,1.03
166.376,-0.3264,0.6009,0.7623,1.02
166.476,-0.3282,0.5977,0.7569,1.02
166.576,-0.323,0.595,0.7742,1.03
166.679,-0.3252,0.5955,0.7613,1.02
166.779,-0.3294,0.5953,0.7691,1.03
166.88,-0.316,0.595,0.7623,1.02
166.99,-0.3199,0.5921,0.7672,1.02
167.081,-0.3213,0.5948,0.7755,1.03
167.182,-0.3179,0.5989,0.7596,1.02
167.294,-0.3155,0.5931,0.7769,1.03
167.403,-0.3035,0.5941,0.7689,1.02
167.496,-0.3108,0.5972,0.7681,1.02
167.596,-0.313,0.5958,0.7777,1.03
167.69,-0.3059,0.5941,0.7735,1.02
167.797,-0.3081,0.5953,0.7725,1.02
167.894,-0.2959,0.5916,0.7696,1.01
167.994,-0.3106,0.5911,0.7764,1.02
168.095,-0.3304,0.6124,0.7418,1.02
168.193,-0.2478,0.5179,0.877,1.05
168.297,-0.2317,0.5474,0.8285,1.02
168.398,-0.2595,0.5396,0.826,1.02
168.5,-0.2559,0.5396,0.8226,1.02
168.611,-0.2647,0.5464,0.8409,1.04
168.692,-0.2617,0.5416,0.8253,1.02
168.794,-0.2595,0.5369,0.835,1.03
168.913,-0.2381,0.5311,0.8363,1.02
169.017,-0.2605,0.5337,0.8028,1
169.109,-0.3147,0.588,0.8206,1.06
169.219,-0.2693,0.4463,1.1425,1.26
169.318,-0.1546,0.3445,1.0821,1.15
169.413,-0.1077,0.2859,1.024,1.07
169.51,-0.1445,0.3692,0.7576,0.86
169.613,-0.211,0.4283,0.8109,0.94
169.714,-0.2017,0.4612,0.9779,1.1
169.825,-0.1677,0.4776,0.9298,1.06
169.909,-0.1377,0.5186,0.9068,1.05
170.009,-0.1184,0.5623,0.8792,1.05
170.099,-0.0991,0.5743,0.8502,1.03
170.199,-0.0461,0.5528,0.7918,0.97
170.301,-0.0017,0.5953,0.7249,0.94
170.401,0.0278,0.6104,0.7554,0.97
170.501,0.0383,0.6002,0.7738,0.98
170.602,0.0464,0.6024,0.7952,1
170.73,0.0513,0.6214,0.7933,1.01
170.813,0.0496,0.6439,0.7042,0.96
170.904,0.0689,0.6636,0.6922,0.96
171.004,0.0518,0.6705,0.7464,1
171.104,0.0508,0.661,0.7838,1.03
171.207,0.043,0.6793,0.7493,1.01
171.307,0.0344,0.689,0.7589,1.03
171.407,0.0642,0.67,0.754,1.01
171.51,0.1609,0.5162,0.6461,0.84
171.609,0.3797,-0.0002,0.1607,0.41
171.709,-0.041,0.0183,0.0125,0.05
171.809,-0.0344,0.0188,0.0156,0.04
171.91,0.0239,-0.2281,-0.0117,0.23
172.012,-0.3135,0.0493,-0.1106,0.34
172.112,-0.4073,0.4827,-1.5771,1.7
172.212,-0.43,0.2595,-0.9947,1.11
172.313,-0.1863,0.2075,-1.0126,1.05
172.413,-0.1653,0.1973,-0.9701,1
172.513,-0.1621,0.1968,-0.9752,1.01
172.613,-0.1585,0.1963,-0.964,1
172.714,-0.1616,0.1912,-0.9654,1
172.814,0.1338,0.0925,-1.2904,1.3
172.917,-0.3738,0.1096,-1.0707,1.14
173.015,-0.6529,0.1626,-0.7855,1.03
173.137,-0.9833,0.0486,-0.2307,1.01
173.236,-0.8092,0.3579,0.1734,0.9
173.343,-0.6871,0.5789,0.763,1.18
173.435,-0.417,0.3992,0.9547,1.12
173.518,-0.4222,0.4366,0.6827,0.91
173.619,-0.3914,0.5347,0.7445,1
173.72,-0.3741,0.4903,0.8565,1.06
173.842,-0.3592,0.5381,0.7989,1.03
173.936,-0.3086,0.5281,0.8162,1.02
174.023,-0.3101,0.5364,0.7948,1.01
174.123,-0.3045,0.5438,0.804,1.02
174.223,-0.2954,0.5396,0.8228,1.03
174.323,-0.2832,0.5272,0.8204,1.02
174.423,-0.2649,0.5142,0.8302,1.01
174.524,-0.2713,0.5044,0.8543,1.03
174.625,-0.2554,0.4954,0.8551,1.02
174.725,-0.2383,0.4798,0.8612,1.01
174.826,-0.2561,0.4646,0.8744,1.02
174.925,-0.2727,0.4612,0.8907,1.04
175.026,-0.2649,0.4549,0.8641,1.01
175.126,-0.2676,0.449,0.8873,1.03
175.227,-0.2681,0.4488,0.8802,1.02
175.329,-0.2693,0.4456,0.8863,1.03
175.427,-0.2632,0.4483,0.8663,1.01
175.528,-0.2696,0.4502,0.8695,1.02
175.629,-0.2632,0.4476,0.8768,1.02
175.729,-0.2654,0.4473,0.8846,1.03
175.83,-0.2713,0.4502,0.8656,1.01
175.93,-0.2693,0.4446,0.8729,1.02
176.03,-0.262,0.4429,0.8849,1.02
176.131,-0.2647,0.441,0.8849,1.02
176.231,-0.2676,0.4419,0.8814,1.02
176.332,-0.2813,0.4468,0.8834,1.03
176.431,-0.273,0.4473,0.8856,1.03
176.533,-0.2659,0.448,0.8736,1.02
176.634,-0.2813,0.4524,0.867,1.02
176.733,-0.2735,0.4478,0.8739,1.02
176.835,-0.27,0.4444,0.8875,1.03
176.935,-0.2686,0.4454,0.8722,1.02
177.037,-0.2754,0.4454,0.8746,1.02
177.137,-0.2722,0.4436,0.8717,1.02
177.238,-0.2771,0.4456,0.8778,1.02
177.338,-0.2683,0.4422,0.8841,1.02
177.438,-0.2981,0.4378,0.8849,1.03
177.539,-0.2713,0.4305,0.8912,1.03
177.639,-0.2681,0.4346,0.8692,1.01
177.739,-0.2857,0.4366,0.8785,1.02
177.839,-0.2798,0.4336,0.8827,1.02
177.939,-0.2845,0.4302,0.8827,1.02
178.04,-0.2815,0.4351,0.8775,1.02
178.14,-0.2849,0.43,0.8914,1.03
178.241,-0.2823,0.4363,0.8795,1.02
178.341,-0.2805,0.4336,0.88,1.02
178.442,-0.2776,0.4341,0.8814,1.02
178.542,-0.2808,0.4368,0.8705,1.01
178.642,-0.2847,0.4324,0.8744,1.02
178.743,-0.2788,0.4329,0.8822,1.02
178.843,-0.2774,0.4341,0.8802,1.02
178.943,-0.2727,0.4334,0.8697,1.01
179.046,-0.2796,0.4322,0.8785,1.02
179.146,-0.2825,0.4324,0.8805,1.02
179.246,-0.2735,0.4261,0.8893,1.02
179.346,-0.2798,0.4288,0.8736,1.01
179.447,-0.2901,0.429,0.868,1.01
179.547,-0.3008,0.4371,0.8976,1.04
179.647,-0.2862,0.42,0.8924,1.03
179.747,-0.2886,0.4192,0.891,1.03
179.848,-0.2852,0.4217,0.8995,1.03
179.948,-0.3284,0.4498,0.9115,1.07
180.05,-0.3147,0.4744,1.0174,1.17
180.15,-0.3172,0.5335,1.0585,1.23
180.25,-0.2449,0.4451,1.0055,1.13
180.35,-0.1467,0.3787,0.8731,0.96
180.451,-0.1751,0.4275,0.8492,0.97
180.551,-0.2092,0.532,0.7327,0.93
180.651,-0.2097,0.5728,0.7987,1
180.751,-0.1821,0.6019,0.8346,1.04
180.852,-0.1834,0.6724,0.7598,1.03
180.953,-0.1594,0.7081,0.7545,1.05
181.053,-0.1624,0.7576,0.7525,1.08
181.153,-0.103,0.7359,0.6339,0.98
181.254,-0.063,0.7237,0.5801,0.93
181.355,-0.1006,0.7679,0.5108,0.93
181.455,-0.1118,0.8158,0.5616,1
181.556,-0.0325,0.806,0.5398,0.97
181.656,0.0899,0.504,0.4009,0.65
181.756,0.2185,0.2307,-0.01,0.32
181.857,-0.0464,0.0081,0.0093,0.05
181.961,-0.0461,0.0044,0.0247,0.05
182.062,-0.3553,-0.3028,-0.8922,1.01
182.162,-1.5634,0.4639,1.7941,2.42
182.262,-0.1861,0.0918,0.7413,0.77
182.365,0.0442,-0.0501,1.1376,1.14
182.464,0.0071,-0.0166,1.0013,1
182.564,0.0066,-0.0181,1.0116,1.01
182.665,0.0044,-0.0198,1.0104,1.01
182.765,0.0115,-0.0178,1.0126,1.01
182.865,0.0029,-0.0249,1.0052,1.01
182.966,0.0046,-0.0144,1.0011,1
183.066,0.0063,-0.019,0.9928,0.99
183.167,-0.0051,-0.0222,0.9955,1
183.267,-0.3243,-0.1382,1.0821,1.14
183.367,0.0186,-0.0247,1.0226,1.02
183.467,0.0415,-0.0669,1.0165,1.02
183.569,0.0901,0.1204,1.0699,1.08
183.669,0.1482,0.2451,0.7999,0.85
183.769,-0.1253,0.084,0.4466,0.47
183.869,0.0078,-0.0042,0.9479,0.95
183.97,0.0054,0.0027,1.0108,1.01
184.07,0.0051,-0.0046,1.0206,1.02
184.173,0.0354,-0.001,1.0079,1.01
184.272,0.211,0.1084,1.0421,1.07
184.373,0.0835,0.0264,1.0199,1.02
184.479,-0.103,-0.1331,0.9945,1.01
184.58,-0.1646,-0.0366,0.9037,0.92
184.681,-0.2044,-0.061,0.9662,0.99
184.781,-0.1939,0.0576,0.9386,0.96
184.881,-0.2058,-0.0271,1.3578,1.37
184.981,0.0234,0.0054,1.0177,1.02
185.082,0.0208,0.0034,1.0316,1.03
185.184,0.011,-0.0125,1.0072,1.01
185.284,-0.0139,-0.0376,1.0123,1.01
185.385,0.061,0.033,1.056,1.06
185.485,0.0769,0.0427,1.0985,1.1
185.585,-0.0691,-0.0103,0.9403,0.94
185.685,-0.2627,-0.1956,1.1915,1.24
185.786,-0.2542,-0.0337,1.265,1.29
185.886,-0.566,0.249,1.1232,1.28
185.986,-0.6014,0.2859,0.9334,1.15
186.086,-0.5423,0.4834,0.5411,0.91
186.187,-0.7496,0.5225,0.3699,0.99
186.289,-0.6754,0.5196,0.1504,0.87
186.39,-0.818,0.5169,0.1304,0.98
186.49,-0.8553,0.5589,0.1575,1.03
186.59,-0.7764,0.5511,0.1636,0.97
186.69,-0.8172,0.5665,0.0891,1
186.792,-0.776,0.5543,-0.0286,0.95
186.891,-0.7733,0.5547,0.0452,0.95
186.992,-0.7598,0.5975,-0.0313,0.97
187.092,-0.783,0.6085,-0.001,0.99
187.224,-0.8053,0.6097,-0.0144,1.01
187.323,-0.7562,0.6295,-0.0083,0.98
187.394,-0.8223,0.6099,-0.0518,1.03
187.497,-0.8524,0.6058,-0.0837,1.05
187.597,-0.8119,0.6011,-0.1824,1.03
187.698,-0.847,0.6221,-0.1472,1.06
187.798,-0.8407,0.6204,-0.074,1.05
187.899,-0.805,0.6317,-0.0901,1.03
187.999,-0.8353,0.6451,-0.0711,1.06
188.101,-0.7655,0.6299,-0.0857,1
188.201,-0.7887,0.6263,-0.1033,1.01
188.302,-0.8079,0.6165,-0.0862,1.02
188.402,-0.8184,0.6234,-0.0498,1.03
188.504,-0.8348,0.6226,-0.062,1.04
188.604,-0.8563,0.6444,-0.03,1.07
188.706,-0.8155,0.6478,-0.0342,1.04
188.806,-0.7996,0.6451,-0.0422,1.03
188.907,-0.7928,0.6385,-0.0825,1.02
189.007,-0.8033,0.6407,-0.0588,1.03
189.108,-0.7957,0.637,-0.0378,1.02
189.207,-0.7962,0.6451,-0.0361,1.03
189.308,-0.7818,0.6453,-0.0403,1.01
189.408,-0.7716,0.6382,-0.0281,1
189.509,-0.8365,0.6426,-0.0437,1.06
189.609,-0.8087,0.6434,-0.0295,1.03
189.712,-0.7899,0.6529,-0.023,1.03
189.812,-0.8265,0.6475,-0.0125,1.05
189.912,-0.797,0.6346,-0.0107,1.02
190.012,-0.8426,0.6339,-0.0447,1.06
190.112,-0.8101,0.6326,-0.022,1.03
190.214,-0.7647,0.6297,0.0142,0.99
190.315,-0.7537,0.6368,0.0095,0.99
190.415,-0.8282,0.6351,-0.0225,1.04
190.515,-0.8297,0.616,0.0203,1.03
190.618,-0.8614,0.6229,-0.0173,1.06
190.718,-0.7174,0.5728,-0.0112,0.92
190.818,-0.8455,0.6019,0.1045,1.04
190.919,-0.9032,0.6046,-0.012,1.09
191.019,-0.891,0.5843,0.0166,1.07
191.12,-0.8993,0.5811,0.0012,1.07
191.219,-0.86,0.5789,0.0449,1.04
191.321,-0.8055,0.5804,0.0034,0.99
191.422,-0.8429,0.5845,0.0215,1.03
191.523,-0.8121,0.5858,0.0938,1.01
191.622,-1.016,0.6275,0.2185,1.21
191.724,-0.7215,0.6036,0.1091,0.95
191.825,-0.27,0.532,0.1038,0.61
191.924,-0.0266,0.0071,0.019,0.03
192.024,-0.0396,0.0076,0.0168,0.04
192.125,-0.019,0.0774,-0.0471,0.09
192.224,-0.0444,-0.169,-0.0273,0.18
192.325,-0.146,0.0212,0.0523,0.16
192.426,0.0591,0.0737,0.9693,0.97
192.526,0.0293,0.0107,0.8827,0.88
192.627,0.0056,0.0193,1.0079,1.01
192.727,0.0051,0.0205,1.0123,1.01
192.827,0.0056,0.0203,1.0104,1.01
192.927,0.0063,0.0212,1.0121,1.01
193.028,0.0051,0.0195,1.0101,1.01
193.128,-0.0259,-0.0117,1.006,1.01
193.228,0.0085,0.0227,1.0145,1.01
193.329,0.0081,0.023,1.0101,1.01
193.43,0.0071,0.021,1.0096,1.01
193.531,0.0068,0.021,1.0126,1.01
193.639,0.009,0.0225,1.0126,1.01
193.737,0.0061,0.021,1.0113,1.01
193.837,0.0081,0.0203,1.0113,1.01
193.937,0.0078,0.0205,1.0108,1.01
194.037,0.0078,0.023,1.0096,1.01
194.137,0.0078,0.0234,1.0116,1.01
194.24,0.0085,0.023,1.0084,1.01
194.341,0.0054,0.0244,1.0091,1.01
194.442,0.0073,0.0239,1.0123,1.01
194.541,0.0098,0.0259,1.0091,1.01
194.641,0.0093,0.022,1.0121,1.01
194.742,0.0066,0.0254,1.0089,1.01
194.841,0.0063,0.0242,1.0089,1.01
194.942,0.0073,0.0217,1.0091,1.01
195.042,0.0095,0.021,1.0108,1.01
195.142,0.009,0.0237,1.0121,1.01
195.243,0.0068,0.0227,1.0123,1.01
195.343,0.0117,0.0259,1.0086,1.01
195.443,0.0056,0.02,1.0113,1.01
195.543,0.0071,0.0222,1.0101,1.01
195.644,0.0078,0.021,1.0106,1.01
195.744,0.0068,0.023,1.0104,1.01
195.844,0.0066,0.023,1.0123,1.01
195.944,0.0076,0.022,1.0113,1.01
196.046,0.0076,0.0208,1.0106,1.01
196.147,0.0068,0.0242,1.0106,1.01
196.247,0.0085,0.0242,1.0118,1.01
196.347,0.0076,0.0234,1.0126,1.01
196.449,0.0078,0.0234,1.0086,1.01
196.549,0.0081,0.0254,1.0126,1.01
196.649,0.0112,0.0234,1.0104,1.01
196.749,0.0088,0.023,1.0101,1.01
196.849,0.0081,0.0232,1.0116,1.01
196.95,0.0081,0.0234,1.0116,1.01
197.052,0.0081,0.0234,1.0101,1.01
197.151,0.0071,0.0239,1.0106,1.01
197.254,0.0083,0.0225,1.0101,1.01
197.354,0.0076,0.0208,1.0101,1.01
197.454,0.0085,0.022,1.0113,1.01
197.555,0.0078,0.0225,1.0104,1.01
197.655,0.0063,0.0208,1.0099,1.01
197.755,0.0078,0.0164,1.0113,1.01
197.855,0.0054,0.0227,1.0065,1.01
197.956,0.0049,0.0203,1.0128,1.01
198.057,0.012,0.0249,1.0072,1.01
198.157,0.0088,0.0254,1.016,1.02
198.257,0.0183,0.0293,1.0108,1.01
198.358,0.0054,-0.0139,1.0309,1.03
198.458,0.0535,-0.1162,0.9767,0.99
198.558,0.0115,-0.085,1.0296,1.03
198.658,-0.0371,-0.1043,0.8739,0.88
198.759,0.1817,-0.1636,1.2072,1.23
198.86,0.023,-0.0881,1.0941,1.1
198.962,-0.2867,-0.0032,1.1471,1.18
199.061,-0.69,0.0942,1.1078,1.31
199.16,-0.6417,0.179,0.9203,1.14
199.262,-0.6097,0.2307,0.7357,0.98
199.363,-0.6986,0.2849,0.3963,0.85
199.463,-0.7264,0.2222,0.334,0.83
199.564,-0.9037,0.2095,0.4312,1.02
199.665,-0.9393,0.1697,0.3526,1.02
199.765,-1.0616,0.1712,0.2591,1.11
199.865,-1.0013,0.2056,0.2378,1.05
199.966,-0.8941,0.2049,0.2871,0.96
200.069,-0.9366,0.1953,0.2974,1
200.169,-0.9085,0.2197,0.2022,0.96
200.271,-0.9049,0.2564,0.1096,0.95
200.371,-0.9349,0.2774,0.0667,0.98
200.475,-0.9388,0.2874,0.1433,0.99
200.574,-0.9403,0.2989,0.1284,0.99
200.677,-0.9522,0.3138,0.1206,1.01
200.777,-0.9791,0.305,0.124,1.03
200.878,-0.9686,0.3179,0.1414,1.03
200.983,-0.9769,0.3208,0.1043,1.03
201.082,-0.9486,0.3133,0.1138,1.01
201.182,-0.9527,0.3201,0.1087,1.01
201.282,-0.9596,0.3142,0.095,1.01
201.384,-0.9388,0.3228,0.0813,1
201.484,-0.9703,0.3326,0.0735,1.03
201.585,-1.0279,0.3462,0.0974,1.09
201.685,-0.9139,0.3831,0.1985,1.01
201.785,-0.7073,0.4085,0.2857,0.87
201.885,-0.2835,0.2945,0.3907,0.57
201.987,-0.0816,-0.0432,0.3362,0.35
202.088,-0.0017,-0.051,0.0237,0.06
202.19,0.0007,-0.0535,0.0212,0.06
202.303,-0.2158,-1.0475,-0.0254,1.07
202.39,-0.0498,-0.169,-0.4683,0.5
202.491,-2.7808,-0.7274,-0.1585,2.88
202.593,-0.3008,0.6656,0.1355,0.74
202.693,-0.1321,0.5897,-0.1455,0.62
202.794,1.77,0.0857,3.1612,3.62
202.893,-0.0591,0.6549,0.962,1.17
202.994,0.2759,0.3079,0.8902,0.98
203.094,0.1753,0.3301,0.9054,0.98
203.194,0.1509,0.3228,0.9796,1.04
203.305,0.3138,0.2261,1.0062,1.08
203.403,0.3946,0.1455,1.0423,1.12
203.502,0.012,0.2683,1.0074,1.04
203.604,0.1316,0.3177,0.8121,0.88
203.704,0.5562,0.2959,0.6971,0.94
203.806,0.5523,-0.1343,0.5123,0.77
203.906,-0.1294,-0.4449,0.0537,0.47
204.01,-0.4737,0.0703,1.9575,2.02
204.111,0.001,-0.0752,1.057,1.06
204.211,-0.0078,-0.0063,1.0016,1
204.313,-0.0129,-0.0066,1.0121,1.01
204.414,0.0317,-0.0129,1.0445,1.05
204.514,-0.0183,-0.0037,1.0079,1.01
204.614,-0.0051,-0.0037,1.0118,1.01
204.714,-0.0046,-0.0039,1.013,1.01
204.815,-0.0049,-0.0039,1.0113,1.01
204.915,-0.0061,-0.0032,1.0116,1.01
205.015,-0.0029,-0.0042,1.0116,1.01
205.117,-0.0046,-0.0054,1.0128,1.01
205.217,-0.002,-0.0039,1.0126,1.01
205.317,-0.0039,-0.0044,1.0128,1.01
205.418,-0.0039,-0.0032,1.0111,1.01
205.529,-0.0024,-0.0024,1.0104,1.01
205.629,-0.0042,-0.0027,1.0116,1.01
205.73,-0.0042,-0.0027,1.0096,1.01
205.829,-0.002,-0.0037,1.0106,1.01
205.93,-0.0037,-0.0056,1.0116,1.01
206.03,-0.0029,-0.0054,1.0116,1.01
206.13,-0.0029,-0.0032,1.0121,1.01
206.23,-0.0015,-0.0034,1.0099,1.01
206.331,-0.0027,-0.0046,1.0126,1.01
206.431,-0.0017,-0.0083,1.0111,1.01
206.532,-0.0039,-0.0034,1.0104,1.01
206.632,-0.0034,-0.0027,1.0118,1.01
206.733,-0.0071,-0.0032,1.0126,1.01
206.833,0.0027,-0.009,1.0113,1.01
206.935,-0.0022,-0.0005,1.0118,1.01
207.036,-0.0027,-0.0037,1.0096,1.01
207.137,-0.0054,-0.002,1.0126,1.01
207.238,-0.0046,-0.0054,1.0121,1.01
207.338,-0.0054,-0.0056,1.0082,1.01
207.439,-0.0022,-0.0039,1.0126,1.01
207.539,-0.0046,-0.0034,1.0108,1.01
207.644,-0.0039,-0.0056,1.0121,1.01
207.74,-0.0037,-0.0051,1.0118,1.01
207.841,-0.0032,-0.0039,1.0091,1.01
207.94,0.002,-0.0017,1.0108,1.01
208.04,-0.0015,-0.009,1.024,1.02
208.143,-0.0061,-0.0015,1.0113,1.01
208.242,-0.0098,0.0029,1.0113,1.01
208.343,0.3609,0.0232,0.9974,1.06
208.444,-0.0737,0.0427,1.0345,1.04
208.547,-0.2283,-0.1253,0.9547,0.99
208.646,0.0628,-0.001,1.089,1.09
208.747,-0.0046,0.002,1.0128,1.01
208.848,0.0459,0.0203,1.0316,1.03
208.948,-0.0322,-0.0359,1.0233,1.02
209.048,-0.0613,0.0002,1.0321,1.03
209.15,0.022,-0.0044,0.9859,0.99
209.249,-0.0132,-0.0139,1.0086,1.01
209.35,-0.0115,0.0007,1.0311,1.03
209.45,-0.0415,0.0117,1.0072,1.01
209.55,-0.114,0.0413,0.9984,1.01
209.654,-0.0864,0.0032,0.9935,1
209.751,-0.1406,-0.0527,1.0362,1.05
209.851,-0.1423,-0.0278,1.0157,1.03
209.954,-0.1526,-0.0271,1.0099,1.02
210.054,-0.2002,0,1.0282,1.05
210.154,-0.2466,0.0503,1.1236,1.15
210.255,-0.4544,0.1106,1.0118,1.11
210.355,-0.4432,0.1868,0.8614,0.99
210.458,-0.6129,0.2854,0.7464,1.01
210.558,-0.6143,0.345,0.6934,0.99
210.658,-0.5433,0.3489,0.7237,0.97
210.76,-0.5328,0.4065,0.5897,0.89
210.864,-0.6326,0.4839,0.575,0.98
210.965,-0.6517,0.5206,0.5784,1.02
211.065,-0.702,0.5652,0.5928,1.08
211.167,-0.6453,0.6021,0.4922,1.01
211.269,-0.7054,0.6439,0.4517,1.06
211.369,-0.71,0.6575,0.408,1.05
211.471,-0.6654,0.6409,0.4588,1.03
211.571,-0.7528,0.6663,0.4278,1.09
211.671,-0.8162,0.6668,0.2515,1.08
211.772,-0.762,0.6646,0.2779,1.05
211.872,-0.5469,0.6326,0.3113,0.89
211.973,-0.3865,0.5518,0.1399,0.69
212.073,0.023,0.2486,-0.0781,0.26
212.173,0.0112,-0.1333,0.054,0.14
212.274,-0.0059,-0.1043,0.0425,0.11
212.377,-3.1549,-7.9998,7.9998,11.75
212.485,-0.0537,-0.0911,0.5076,0.52
212.583,-0.136,1.0138,4.4214,4.54
212.684,0.2178,-0.0359,0.4244,0.48
212.784,-0.0049,-0.0007,0.9911,0.99
212.887,-0.0049,0.001,1.0094,1.01
212.988,-0.0042,-0.0017,1.0099,1.01
213.088,-0.0051,0.0002,1.0123,1.01
213.189,-0.0154,0.0132,1.0013,1
213.289,-0.0054,0.0015,1.0072,1.01
213.389,0.0015,0.0071,1.0023,1
213.489,-0.0115,0.009,1.016,1.02
213.591,-0.0278,-0.0012,1.0174,1.02
213.691,-0.1397,-0.0452,0.9916,1
213.792,-0.1797,-0.0557,1.0318,1.05
213.894,-0.2429,-0.0095,0.9947,1.02
213.995,-0.3162,0.0588,1.2597,1.3
214.095,-0.5367,0.1619,1.0624,1.2
214.199,-0.5418,0.3072,0.6829,0.92
214.296,-0.7371,0.4378,0.4695,0.98
214.4,-0.6827,0.4522,0.5638,0.99
214.499,-0.7078,0.4771,0.6453,1.07
214.599,-0.6907,0.4947,0.5152,0.99
214.699,-0.6436,0.4729,0.6817,1.05
214.8,-0.7108,0.4964,0.6885,1.11
214.9,-0.6319,0.4786,0.6226,1.01
215,-0.5989,0.4788,0.6568,1.01
215.1,-0.6129,0.5086,0.5945,0.99
215.201,-0.6085,0.5411,0.5884,1
215.301,-0.6204,0.5352,0.5948,1.01
215.401,-0.6487,0.5311,0.5672,1.01
215.502,-0.6927,0.5596,0.5628,1.05
215.602,-0.6448,0.6187,0.5447,1.05
215.702,-0.6824,0.619,0.5596,1.08
215.802,-0.5836,0.6055,0.5482,1
215.903,-0.5613,0.6065,0.5701,1
216.003,-0.5689,0.6202,0.5105,0.98
216.103,-0.5931,0.6368,0.4859,1
216.204,-0.5882,0.6639,0.4727,1.01
216.304,-0.5926,0.6509,0.5142,1.02
216.404,-0.6317,0.6785,0.4983,1.05
216.505,-0.6089,0.6746,0.5013,1.04
216.605,-0.6072,0.6673,0.5052,1.03
216.707,-0.6119,0.6509,0.5025,1.03
216.808,-0.6409,0.6639,0.4898,1.04
216.908,-0.6165,0.6634,0.4988,1.03
217.02,-0.6275,0.6837,0.5125,1.06
217.118,-0.6143,0.6702,0.565,1.07
217.218,-0.7298,0.7706,0.521,1.18
217.318,-0.6675,0.6873,0.469,1.07
217.424,-0.4451,0.6656,0.3758,0.88
217.52,-0.4903,0.7303,0.3152,0.93
217.621,-0.5164,0.7635,0.3619,0.99
217.722,-0.5572,0.7447,0.3921,1.01
217.822,-0.5567,0.7574,0.3995,1.02
217.923,-0.6041,0.7867,0.4205,1.08
218.023,-0.543,0.7554,0.4112,1.02
218.123,-0.5562,0.7542,0.3892,1.01
218.224,-0.5811,0.7491,0.3912,1.03
218.327,-0.5955,0.7562,0.4346,1.06
218.427,-0.5716,0.734,0.441,1.03
218.527,-0.5921,0.7515,0.4261,1.05
218.628,-0.5479,0.7398,0.4368,1.02
218.73,-0.5491,0.723,0.4373,1.01
218.829,-0.6187,0.7176,0.4129,1.03
218.931,-0.6021,0.7418,0.4378,1.05
219.031,-0.567,0.7274,0.4419,1.02
219.131,-0.5679,0.7215,0.3941,1
219.232,-0.555,0.7589,0.4251,1.03
219.333,-0.5628,0.7127,0.4625,1.02
219.434,-0.5828,0.7281,0.4039,1.02
219.535,-0.6089,0.7462,0.4314,1.06
219.635,-0.5665,0.7176,0.4549,1.02
219.735,-0.6065,0.7342,0.4371,1.05
219.839,-0.5748,0.7261,0.4202,1.02
219.939,-0.5589,0.7264,0.4671,1.03
220.039,-0.5648,0.7288,0.4163,1.01
220.139,-0.5745,0.7305,0.4344,1.03
220.239,-0.5745,0.7293,0.4385,1.03
220.339,-0.5931,0.7342,0.4634,1.05
220.439,-0.5582,0.7232,0.428,1.01
220.539,-0.5872,0.7318,0.4236,1.03
220.64,-0.5816,0.7291,0.46,1.04
220.741,-0.5787,0.7335,0.4275,1.03
220.842,-0.5945,0.733,0.4505,1.05
220.942,-0.5787,0.7301,0.4205,1.02
221.043,-0.5792,0.7276,0.4417,1.03
221.143,-0.5775,0.7345,0.4473,1.04
221.243,-0.5901,0.7386,0.4444,1.04
221.347,-0.5584,0.7313,0.4065,1.01
221.447,-0.5499,0.7288,0.4195,1
221.548,-0.5923,0.7423,0.4397,1.05
221.649,-0.6873,0.8087,0.462,1.16
221.752,-0.8934,0.8897,0.4673,1.34
221.852,-0.563,0.7481,0.429,1.03
221.952,-0.2725,0.6055,0.4737,0.82
222.052,-0.169,0.6089,0.4183,0.76
222.153,0.0017,0.5301,0.0371,0.53
222.253,-0.1104,0.1577,0.041,0.2
222.353,-0.0291,-0.0093,0.0239,0.04
222.453,1.2413,-0.1958,0.7357,1.46
222.553,-0.0269,0.0107,0.0032,0.03
222.655,0.1504,0.0862,-1.5978,1.61
222.755,0.0415,-0.0354,2.6455,2.65
222.855,-0.0027,0.0061,1.0589,1.06
222.956,-0.0017,0.0063,1.0162,1.02
223.057,-0.0015,0.0085,1.0106,1.01
223.156,-0.0015,0.0083,1.0121,1.01
223.256,-0.0007,0.0081,1.0096,1.01
223.36,-0.0022,0.0078,1.0104,1.01
223.459,0.0002,0.0083,1.0094,1.01
223.562,0.0137,0.0107,0.9906,0.99
223.662,-0.0012,0.0078,1.0118,1.01
223.762,-0.002,0.0105,1.0104,1.01
223.864,-0.0015,0.01,1.0116,1.01
223.965,-0.0007,0.0107,1.0108,1.01
224.065,-0.0012,0.011,1.0123,1.01
224.165,-0.0002,0.0103,1.0104,1.01
224.265,0.0002,0.0078,1.0123,1.01
224.369,0.0015,0.01,1.0113,1.01
224.467,0.0005,0.0098,1.0106,1.01
224.571,0.0007,0.0061,1.0118,1.01
224.68,-0.0034,0.0073,1.0108,1.01
224.769,-0.0042,0.0127,1.0086,1.01
224.87,-0.0002,0.011,1.0121,1.01
224.969,0.0059,0.0095,1.0067,1.01
225.07,0.0066,0.021,1.017,1.02
225.17,-0.0076,0.0105,1.0365,1.04
225.272,-0.0198,0.0857,1.0443,1.05
225.374,-0.2212,-0.0342,0.9798,1.01
225.476,-0.2102,-0.0952,0.9508,0.98
225.578,-0.3152,0.0479,1.3419,1.38
225.677,-0.5274,0.2764,0.8683,1.05
225.777,-0.6834,0.3853,0.6739,1.03
225.877,-0.701,0.407,0.629,1.03
225.978,-0.8673,0.5149,0.6197,1.18
226.09,-0.7428,0.5457,0.4942,1.05
226.179,-0.7054,0.5738,0.5931,1.09
226.28,-0.5999,0.5967,0.502,0.98
226.379,-0.6241,0.6588,0.3181,0.96
226.485,-0.6717,0.7086,0.3609,1.04
226.58,-0.6754,0.7139,0.3218,1.03
226.681,-0.598,0.7364,0.2923,0.99
226.782,-0.5621,0.7659,0.2769,0.99
226.882,-0.5189,0.7955,0.2749,0.99
226.982,-0.4915,0.8292,0.2405,0.99
227.082,-0.5145,0.8646,0.1975,1.03
227.183,-0.4881,0.8665,0.1817,1.01
227.283,-0.4734,0.858,0.1611,0.99
227.385,-0.4964,0.8753,0.1321,1.01
227.485,-0.4893,0.8871,0.126,1.02
227.585,-0.4451,0.8875,0.1402,1
227.686,-0.4837,0.9022,0.1631,1.04
227.786,-0.491,0.9105,0.1204,1.04
227.886,-0.4498,0.8998,0.1228,1.01
227.987,-0.4483,0.8993,0.1133,1.01
228.088,-0.4727,0.9029,0.114,1.03
228.188,-0.4407,0.9068,0.094,1.01
228.295,-0.4681,0.9159,0.1204,1.04
228.396,-0.4603,0.8914,0.1187,1.01
228.496,-0.46,0.8949,0.0869,1.01
228.592,-0.4788,0.9059,0.083,1.03
228.694,-0.4666,0.9178,0.1362,1.04
228.797,-0.4539,0.8839,0.125,1
228.898,-0.4625,0.8993,0.0991,1.02
228.991,-0.4834,0.9041,0.1074,1.03
229.097,-0.4844,0.8968,0.095,1.02
229.193,-0.4852,0.9061,0.1218,1.04
229.292,-0.4568,0.8873,0.0864,1
229.396,-0.5088,0.8978,0.1221,1.04
229.497,-0.4993,0.9007,0.1248,1.04
229.594,-0.4903,0.898,0.1267,1.03
229.713,-0.4918,0.8875,0.1326,1.02
229.794,-0.48,0.8905,0.0991,1.02
229.901,-0.4915,0.8895,0.1399,1.03
229.997,-0.492,0.8949,0.1174,1.03
230.097,-0.4822,0.889,0.1673,1.03
230.204,-0.5042,0.8949,0.1214,1.03
230.298,-0.4883,0.8949,0.1311,1.03
230.399,-0.4847,0.8839,0.1326,1.02
230.514,-0.5047,0.8878,0.1235,1.03
230.624,-0.4844,0.8856,0.1414,1.02
230.72,-0.5042,0.8905,0.1292,1.03
230.819,-0.5206,0.9054,0.1187,1.05
230.914,-0.5167,0.8985,0.1555,1.05
231.029,-0.6121,0.9181,0.1111,1.11
231.124,-0.6592,0.9403,0.1433,1.16
231.21,-0.5528,0.8556,0.1143,1.02
231.31,-0.4896,0.827,0.0415,0.96
231.419,-0.4834,0.8258,-0.0149,0.96
231.51,-0.5626,0.8414,-0.0042,1.01
231.624,-0.5499,0.847,-0.0369,1.01
231.713,-0.5574,0.8661,-0.0642,1.03
231.81,-0.5486,0.8683,0.0073,1.03
231.913,-0.5511,0.846,0.0027,1.01
232.02,-0.5794,0.8455,-0.0044,1.03
232.115,-0.6089,0.8607,-0.0178,1.05
232.223,-0.6231,0.8692,-0.0227,1.07
232.312,-0.5696,0.878,-0.0269,1.05
232.421,-0.565,0.8621,-0.032,1.03
232.522,-0.5628,0.8319,-0.0425,1.01
232.62,-0.5477,0.7972,-0.0852,0.97
232.723,-0.618,0.8075,-0.0391,1.02
232.834,-0.6151,0.8158,-0.0547,1.02
232.939,-0.5901,0.8199,-0.0386,1.01
233.051,-0.5733,0.8192,-0.0137,1
233.134,-0.4625,0.7674,-0.0403,0.9
233.231,-0.082,0.6312,-0.1238,0.65
233.314,-0.0095,0.377,-0.0523,0.38
233.414,-0.0332,-0.1104,0.023,0.12
233.514,-0.0317,-0.1177,0.0432,0.13
233.614,-2.3042,-3.808,1.5956,4.73
233.715,-0.0386,-0.0891,0.0083,0.1
233.815,0.25,0.5777,-0.8333,1.04
233.917,-0.0371,0.0066,0.0012,0.04
234.017,-0.0647,0.0203,0.9796,0.98
234.119,-0.0085,0.0032,1.0111,1.01
234.219,-0.0073,0.0027,1.0123,1.01
234.328,-0.0088,0.0054,1.0143,1.01
234.42,-0.0063,0.0029,1.0133,1.01
234.52,0.0044,0.0237,0.9886,0.99
234.623,0.0024,0.0022,1.0218,1.02
234.723,0.0342,0.0835,0.9671,0.97
234.823,-0.0884,-0.0796,1.0799,1.09
234.923,-0.2305,0.0342,0.9522,0.98
235.024,-0.4419,-0.0691,0.9833,1.08
235.124,-0.5401,-0.0037,1.0985,1.22
235.225,-0.5547,0.0996,0.7891,0.97
235.325,-0.6163,0.2359,0.5528,0.86
235.427,-0.4742,0.2803,0.6656,0.86
235.527,-0.6177,0.3269,0.5718,0.9
235.627,-0.7567,0.3406,0.6431,1.05
235.728,-0.826,0.3003,0.8941,1.25
235.83,-0.6256,0.2556,0.7772,1.03
235.93,-0.6485,0.2898,0.6793,0.98
236.031,-0.659,0.2774,0.7562,1.04
236.132,-0.6605,0.2517,0.7572,1.04
236.232,-0.6387,0.242,0.7594,1.02
236.333,-0.6297,0.2364,0.773,1.02
236.433,-0.6175,0.231,0.7813,1.02
236.533,-0.6307,0.23,0.7755,1.03
236.663,-0.6175,0.2254,0.7911,1.03
236.764,-0.6302,0.2188,0.7921,1.04
236.837,-0.6111,0.2232,0.7811,1.02
236.938,-0.6153,0.2161,0.7877,1.02
237.038,-0.6229,0.2136,0.7955,1.03
237.139,-0.6124,0.2085,0.7989,1.03
237.239,-0.605,0.2095,0.7935,1.02
237.339,-0.6077,0.2019,0.8031,1.03
237.466,-0.6097,0.2019,0.8004,1.03
237.54,-0.6024,0.2019,0.7996,1.02
237.641,-0.6011,0.2007,0.8035,1.02
237.741,-0.6065,0.2031,0.8001,1.02
237.841,-0.6028,0.2027,0.7984,1.02
237.941,-0.6014,0.2029,0.796,1.02
238.042,-0.5963,0.1995,0.794,1.01
238.142,-0.5965,0.1973,0.8089,1.02
238.244,-0.5823,0.1966,0.8031,1.01
238.344,-0.5997,0.19,0.8206,1.03
238.445,-0.5843,0.1895,0.8148,1.02
238.545,-0.584,0.1851,0.8331,1.03
238.645,-0.5909,0.1861,0.8199,1.03
238.745,-0.5796,0.1821,0.8202,1.02
238.846,-0.5755,0.1824,0.8358,1.03
238.95,-0.5762,0.1802,0.8211,1.02
239.05,-0.5777,0.1819,0.8189,1.02
239.149,-0.5789,0.1785,0.8287,1.03
239.249,-0.574,0.1775,0.8204,1.02
239.349,-0.5684,0.1748,0.8253,1.02
239.452,-0.5784,0.1695,0.8336,1.03
239.552,-0.5696,0.1729,0.8243,1.02
239.652,-0.5704,0.1712,0.8333,1.02
239.77,-0.5638,0.1704,0.8258,1.01
239.86,-0.5816,0.1641,0.8353,1.03
239.954,-0.5577,0.1714,0.826,1.01
240.054,-0.5867,0.178,0.8551,1.05
240.155,-0.9249,0.2063,1.0253,1.4
240.255,-0.7747,0.262,0.7178,1.09
240.357,-0.5557,0.2432,0.8133,1.01
240.457,-0.6807,0.2903,0.6566,0.99
240.558,-0.7796,0.3548,0.5482,1.02
240.658,-0.7728,0.3921,0.4622,0.98
240.759,-0.9574,0.4612,0.4918,1.17
240.858,-0.992,0.4671,0.3604,1.15
240.959,-0.9242,0.4729,0.3033,1.08
241.059,-0.7386,0.4327,0.2246,0.88
241.161,-0.8138,0.4183,0.1983,0.94
241.26,-0.8009,0.4463,0.1734,0.93
241.361,-0.8443,0.4568,0.1602,0.97
241.461,-0.8797,0.4969,0.1228,1.02
241.561,-0.8072,0.511,0.0713,0.96
241.662,-0.8082,0.5223,0.159,0.98
241.765,-0.8304,0.5545,0.1228,1.01
241.865,-0.9471,0.5872,0.1851,1.13
241.965,-0.7408,0.5648,0.1875,0.95
242.065,-0.4097,0.5189,0.1526,0.68
242.168,0.0349,0.209,-0.1167,0.24
242.269,-0.0203,-0.0415,0.0217,0.05
242.369,-0.0237,-0.0437,0.0537,0.07
242.47,-0.0444,-0.0471,-0.0059,0.07
242.57,-0.3323,-0.314,0.3926,0.6
242.671,-0.0305,-0.0454,0.4043,0.41
242.771,0.0332,0.0278,0.8883,0.89
242.872,-0.0051,0.0195,1.0099,1.01
242.971,-0.0085,0.02,1.0106,1.01
243.073,-0.0044,0.02,1.0123,1.01
243.173,-0.0024,0.0205,1.0104,1.01
243.273,-0.0059,0.02,1.0116,1.01
243.373,-0.0063,0.021,1.0116,1.01
243.475,-0.0049,0.0225,1.0143,1.01
243.574,-0.0037,0.021,1.0118,1.01
243.676,-0.0059,0.0193,1.0111,1.01
243.776,-0.0051,0.022,1.0123,1.01
243.876,-0.0039,0.0217,1.0128,1.01
243.976,-0.0042,0.022,1.0104,1.01
244.076,-0.0044,0.0225,1.0118,1.01
244.179,-0.0044,0.0203,1.0101,1.01
244.28,-0.0063,0.0217,1.0108,1.01
244.379,-0.0059,0.0208,1.0116,1.01
244.479,-0.0027,0.0208,1.0106,1.01
244.58,-0.0029,0.0215,1.0086,1.01
244.68,-0.0054,0.0225,1.0094,1.01
244.781,-0.0044,0.022,1.0116,1.01
244.882,-0.0044,0.0208,1.0135,1.01
244.984,-0.0044,0.0205,1.0118,1.01
245.084,-0.0051,0.0195,1.0121,1.01
245.186,-0.0044,0.0198,1.0126,1.01
245.286,-0.0059,0.02,1.0126,1.01
245.386,-0.0054,0.02,1.0116,1.01
245.488,-0.0051,0.0195,1.0126,1.01
245.589,-0.0037,0.0193,1.0111,1.01
245.689,-0.0046,0.0212,1.0128,1.01
245.79,-0.0044,0.0227,1.0135,1.01
245.89,-0.0044,0.0205,1.0096,1.01
245.991,-0.0059,0.0178,1.0096,1.01
246.091,-0.0051,0.019,1.0099,1.01
246.193,-0.0034,0.0203,1.0128,1.01
246.293,-0.0039,0.0195,1.0121,1.01
246.393,-0.0068,0.021,1.0133,1.01
246.493,0.0103,0.032,1.0238,1.02
246.594,-0.0337,0.0188,1.0228,1.02
246.694,-0.0784,0.0305,0.9957,1
246.795,-0.2029,-0.0698,1.0216,1.04
246.895,-0.4717,-0.2901,1.1168,1.25
246.995,-0.3594,-0.1318,1.0321,1.1
247.095,-0.6077,-0.1528,1.0934,1.26
247.196,-0.5701,-0.1321,0.9098,1.08
247.296,-0.6588,-0.0776,0.6129,0.9
247.397,-0.8094,-0.0291,0.7884,1.13
247.497,-0.7684,-0.0083,0.7376,1.07
247.598,-0.8289,0.0642,0.6182,1.04
247.698,-0.7144,0.1638,0.5696,0.93
247.799,-0.7948,0.21,0.5357,0.98
247.899,-0.8236,0.2366,0.5428,1.01
248.002,-0.8353,0.2657,0.4742,1
248.1,-0.8258,0.2683,0.501,1
248.2,-0.7767,0.2759,0.4954,0.96
248.301,-0.8023,0.2766,0.4163,0.95
248.401,-0.8497,0.2385,0.4454,0.99
248.502,-0.8617,0.2527,0.3772,0.97
248.602,-0.8844,0.2454,0.4004,1
248.703,-0.9107,0.2205,0.4695,1.05
248.803,-0.9071,0.2232,0.4466,1.04
248.903,-0.88,0.2317,0.4312,1.01
249.003,-0.8956,0.2437,0.4253,1.02
249.105,-0.912,0.2307,0.4212,1.03
249.205,-0.9105,0.2136,0.4485,1.04
249.306,-0.8988,0.2097,0.4136,1.01
249.407,-0.9129,0.2068,0.4405,1.03
249.507,-0.9078,0.2117,0.4297,1.03
249.607,-0.9029,0.2149,0.4131,1.02
249.707,-0.9251,0.208,0.4178,1.04
249.808,-0.9154,0.2044,0.4175,1.03
249.909,-0.9374,0.2144,0.3965,1.04
250.008,-0.931,0.2095,0.4007,1.03
250.11,-0.9164,0.2241,0.3848,1.02
250.21,-0.8922,0.22,0.399,1
250.311,-0.8917,0.221,0.3855,1
250.413,-0.8907,0.2263,0.3865,1
250.511,-0.9278,0.2222,0.3931,1.03
250.613,-0.9386,0.2195,0.3897,1.04
250.713,-0.9273,0.2346,0.3369,1.01
250.815,-0.9334,0.2398,0.3413,1.02
250.915,-0.951,0.2234,0.3694,1.04
251.015,-0.971,0.2224,0.357,1.06
251.115,-0.9022,0.2324,0.3374,0.99
251.218,-0.9513,0.2307,0.3426,1.04
251.319,-1.0138,0.2356,0.3653,1.1
251.419,-0.9286,0.2456,0.3643,1.03
251.519,-0.9713,0.2439,0.3841,1.07
251.619,-0.9339,0.261,0.3257,1.02
251.721,-0.8956,0.2666,0.3321,0.99
251.821,-0.9681,0.2805,0.3352,1.06
251.922,-0.952,0.2957,0.3616,1.06
252.022,-1.0099,0.3225,0.4119,1.14
252.122,-0.7647,0.3704,0.3767,0.93
252.222,-0.7896,0.4454,0.2547,0.94
252.323,-0.2227,0.3916,0.1763,0.48
252.424,-0.0461,-0.0222,0.0168,0.05
252.526,-0.0469,-0.0222,0.0129,0.05
252.628,-0.0046,-3.1527,0.512,3.19
252.727,-0.0459,-0.1248,0.0085,0.13
252.828,-0.7252,0.388,2.9944,3.11
252.927,-0.0928,0.3995,0.8551,0.95
253.029,-0.1331,0.3235,1.0194,1.08
253.13,-0.1192,0.3348,0.9469,1.01
253.233,-0.1206,0.3384,0.9483,1.01
253.333,-0.1223,0.3396,0.953,1.02
253.433,-0.1206,0.3379,0.9493,1.01
253.533,-0.1226,0.3382,0.9513,1.02
253.633,-0.1262,0.3621,0.9437,1.02
253.733,-0.1214,0.3399,0.9566,1.02
253.834,-0.1216,0.3384,0.9486,1.01
253.934,-0.1209,0.3399,0.9498,1.02
254.034,-0.1201,0.3387,0.9535,1.02
254.134,-0.1214,0.3389,0.953,1.02
254.236,-0.1218,0.3352,0.9488,1.01
254.336,-0.1226,0.3352,0.9425,1.01
254.437,-0.1099,0.3377,0.9496,1.01
254.537,-0.0073,0.0742,0.9776,0.98
254.639,-0.0203,-0.0178,1.0394,1.04
254.739,-0.1121,-0.1358,0.7684,0.79
254.843,-0.1863,0.2276,1.2943,1.33
254.943,-0.2781,0.3653,0.8451,0.96
255.043,-0.0134,0.0867,0.9505,0.95
255.144,0.0034,0.011,1.0025,1
255.244,0.0049,0.0076,1.0121,1.01
255.351,0.0051,0.0093,1.0135,1.01
255.451,0.0037,0.009,1.0116,1.01
255.551,0.0032,0.01,1.0123,1.01
255.651,0.0049,0.0095,1.0126,1.01
255.752,0.002,0.0081,1.0101,1.01
255.851,0.0037,0.0088,1.0143,1.01
255.952,0.0027,0.0085,1.0108,1.01
256.052,0.0046,0.0073,1.0096,1.01
256.152,0.0068,0.009,1.0126,1.01
256.252,0.0032,0.0088,1.0121,1.01
256.353,0.0039,0.0083,1.0128,1.01
256.453,0.0042,0.0085,1.0123,1.01
256.554,0.0044,0.0085,1.0118,1.01
256.654,0.0044,0.0081,1.0113,1.01
256.762,0.0049,0.0112,1.0106,1.01
256.862,0.0034,0.0095,1.0099,1.01
256.962,0.0034,0.0093,1.0099,1.01
257.063,0.0015,0.0095,1.0126,1.01
257.162,0.0039,0.0085,1.0108,1.01
257.262,0.0042,0.0071,1.0123,1.01
257.363,0.0039,0.0093,1.0099,1.01
257.463,0.0049,0.0095,1.0123,1.01
257.564,0.0049,0.0078,1.0108,1.01
257.669,0.0037,0.01,1.0128,1.01
257.77,0.0032,0.01,1.0099,1.01
257.867,0.0066,0.009,1.0138,1.01
257.967,0.0022,0.009,1.0108,1.01
258.067,0.0042,0.0073,1.0089,1.01
258.167,0.0032,0.0098,1.0121,1.01
258.269,0.0054,0.0105,1.0123,1.01
258.37,0.0017,0.0103,1.0104,1.01
258.471,0.0046,0.0085,1.0126,1.01
258.571,0.0042,0.0107,1.0099,1.01
258.67,0.0037,0.011,1.0108,1.01
258.77,0.0032,0.0088,1.0118,1.01
258.87,0.0046,0.009,1.0108,1.01
258.971,0.0063,0.0068,1.0316,1.03
259.071,0.0029,0.0127,1.0038,1
259.171,0.0081,0.0168,1.0052,1.01
259.272,0.011,0.0103,1.0201,1.02
259.372,0.0129,0.0249,1.0201,1.02
259.472,0.0105,0.0068,1.0353,1.04
259.573,0.0059,0.01,1.0121,1.01
259.673,0.0066,0.0085,1.0099,1.01
259.779,0.0034,0.0122,1.0123,1.01
259.878,0.0012,0.0103,1.0133,1.01
259.974,-0.0168,0.0181,1.1114,1.11