time,x,y,z,TgF,is_fall
0.1,0.059698944,0.916944153,0.391105446,0.998656104,0
0.2,0.022184613,0.938066186,0.438301527,1.035648857,0
0.3,0.009158525,0.943699025,0.423730183,1.034504227,0
0.4,-0.022156453,0.954002189,0.473936132,1.065470104,0
0.5,0.034195819,0.919654882,0.441451862,1.020693001,0
0.6,0.033739803,0.952194329,0.428713823,1.044800439,0
0.7,0.016782817,0.963547089,0.443443022,1.060823439,0
0.8,-0.007830046,0.938463136,0.40084811,1.020516327,0
0.9,-0.029413342,0.931414509,0.416106445,1.020559996,0
1,0.002362249,0.967271292,0.459523651,1.07087876,0
1.1,0.034300042,0.929379168,0.445759593,1.031321359,0
1.2,0.018099084,0.941046515,0.426669354,1.033413208,0
1.3,-0.011648944,0.96077762,0.434818968,1.054654857,0
1.4,0.021191943,0.935594961,0.420733056,1.026062052,0
1.5,0.017640859,0.939206017,0.430184556,1.033188218,0
1.6,-0.003583994,0.962953138,0.435986894,1.057060151,0
1.7,-0.006127203,0.948774425,0.438748537,1.045328049,0
1.8,0.015715481,0.946410323,0.443205512,1.045165347,0
1.9,0.012006864,0.94545244,0.443980476,1.044577974,0
2,0.012604866,0.943205289,0.447485286,1.044048936,0
2.1,0.034902347,0.89867228,0.515633442,1.036681189,0
2.2,0.073517721,0.970613361,0.563164098,1.124566118,0
2.3,-0.132764791,1.150753125,0.691970398,1.349326601,0
2.4,0.081965302,0.87960312,0.488398958,1.009432267,0
2.5,0.132184779,0.837695709,0.269616595,0.889887647,0
2.6,0.109823017,0.885322256,0.40889687,0.981352761,0
2.7,0.139877046,0.927544245,0.327091692,0.993424828,0
2.8,0.171582425,0.90984112,0.387126312,1.003552776,0
2.9,0.170484014,0.909338973,0.353562696,0.990438664,0
3,0.162508309,0.936911263,0.303004862,0.998009825,1
3.1,0.171790019,0.938690715,0.349882779,1.016400525,1
3.2,0.182584645,0.959063086,0.362249463,1.041327916,1
3.3,0.176438883,0.978014217,0.357114031,1.056017481,1
3.4,0.141042729,0.896117605,0.287157341,0.951514136,1
3.5,0.137070491,0.711084066,0.177243132,0.745549459,1
3.6,0.300712196,0.517846035,0.146724595,0.616539088,1
3.7,0.110405128,0.147629539,-0.010074477,0.18462196,1
3.8,-0.037406947,-0.040552724,0.026019014,0.060998297,1
3.9,-7.979416359,0.479153041,2.536821396,8.386664168,1
4,-0.28351497,0.012440556,0.009541989,0.283948156,1
4.1,0.130775081,0.042008186,0.02459742,0.139541544,1
4.2,0.595571543,-0.171808257,4.28948619,4.334041453,1
4.3,-0.386652178,0.599636457,0.641060528,0.959177975,1
4.4,-0.007483235,0.224271362,1.03705329,1.061052859,1
4.5,-0.080699955,0.260345214,1.038877675,1.07403861,0
4.6,-0.081912721,0.264441086,1.002763778,1.040275914,0
4.7,-0.112667433,0.261103307,0.977572269,1.018094509,0
4.8,-0.08882722,0.26738857,0.985610926,1.025093079,0
4.9,-0.084260156,0.271235008,1.004498703,1.043880188,0
5,-0.040432097,0.235755097,1.008105852,1.036094894,0
5.1,-0.098571525,0.248705911,0.98788948,1.023472814,0
5.2,-0.062770509,0.286364311,1.015246538,1.056726165,0
5.3,-0.085933173,0.260356667,0.982826833,1.020352237,0
5.4,-0.190800386,0.251665111,0.95621296,1.007017051,0
5.5,-0.176939892,0.231070677,0.897772973,0.943767818,0
5.6,-0.172629215,0.238725205,1.01774562,1.059526647,0
5.7,-0.106813445,0.146723249,1.073970249,1.089196456,0
5.8,-0.06011143,-0.015712548,0.965244878,0.967242443,0
5.9,-0.286213089,-0.107650734,1.293444866,1.329099783,0
6,-0.27732629,-0.080997395,1.155294252,1.190871638,0
6.1,-0.22155638,0.019079137,1.195805376,1.216306598,0
6.2,-0.212381535,0.104515235,1.02280147,1.049834367,0
6.3,-0.32282439,0.174837992,0.883876943,0.957090571,0
6.4,-0.378787448,0.255049163,0.756341677,0.883505936,0
6.5,-0.501580508,0.342102242,0.676178506,0.908754269,0
6.6,-0.517403939,0.493044966,0.618253528,0.945006666,0
6.7,-0.396253708,0.43196731,0.539374641,0.796578785,0
6.8,-0.652490879,0.451691926,0.772845949,1.107727766,0
6.9,-0.504737265,0.439783539,0.865560701,1.094241562,0
7,-0.394704941,0.433179148,0.969444319,1.132809981,0
7.1,-0.363760533,0.482227484,0.844579732,1.038354465,0
7.2,-0.170275448,0.522567048,0.833629595,0.998503054,0
7.3,-0.294310554,0.81763408,0.692381358,1.111096817,0
7.4,-0.318223619,0.723356236,0.757698794,1.09481413,0
7.5,-0.159124918,0.671951472,0.691097532,0.976962291,0
7.6,-0.205893824,0.616718464,0.777785009,1.013747232,0
7.7,-0.165400111,0.632904853,0.746696934,0.992714491,0
7.8,-0.095271148,0.674102754,0.77174692,1.029118275,0
7.9,-0.09649556,0.710844583,0.787013348,1.06489503,0
8,-0.123683716,0.785499775,0.839026117,1.155972484,0
8.1,-0.14198504,0.812405969,0.633167969,1.039742702,0
8.2,-0.13404575,0.849900712,0.692208437,1.104288008,0
8.3,-0.149442659,0.909332189,0.603235106,1.101413061,0
8.4,-0.098024376,0.951888242,0.457889494,1.06083118,0
8.5,-0.073369019,0.951785728,0.498169259,1.076778387,0
8.6,-0.1198354,1.005705603,0.485153088,1.123021728,0
8.7,-0.12903036,0.925609719,0.422601011,1.02566749,0
8.8,-0.150502759,0.940656205,0.336121404,1.010179575,0
8.9,-0.131660806,0.831446855,0.350572484,0.911887881,0
9,-0.113641807,0.81588053,0.310225338,0.880235911,0
9.1,-0.118785489,0.892059406,0.32619674,0.957227397,0
9.2,-0.078992024,0.961949141,0.395686867,1.043146196,0
9.3,-0.076786384,0.988945338,0.460694212,1.093685598,0
9.4,-0.150247223,0.971233417,0.350116805,1.043288242,0
9.5,-0.155013,0.940022515,0.399560771,1.033111886,0
9.6,-0.093988775,0.96362246,0.340156355,1.026210739,0
9.7,-0.106319645,0.988166129,0.326123193,1.046007888,0
9.8,-0.093707522,0.960343551,0.34446434,1.024546981,0
9.9,-0.09596353,0.998695998,0.318985161,1.052784037,0
10,-0.126801753,0.97956073,0.389868931,1.061892505,0
10.1,-0.170906352,0.940010776,0.379480821,1.028024773,0
10.2,-0.116916029,0.961544506,0.361755372,1.033974924,0
10.3,-0.04074922,1.005956613,0.313584366,1.054487724,0
10.4,-0.103571758,0.973598214,0.358380035,1.042620181,0
10.5,-0.108578198,0.960502785,0.331815974,1.021986627,0
10.6,-0.111226004,0.962331324,0.34404292,1.028016698,0
10.7,-0.10466258,1.002988589,0.330083622,1.06108226,0
10.8,-0.151542646,0.997910318,0.324416892,1.060205874,0
10.9,-0.09883241,0.973834074,0.415424943,1.063343092,0
11,-0.091719011,0.98745674,0.350661583,1.051877719,0
11.1,-0.083526617,0.965036654,0.300231904,1.014106324,0
11.2,-0.092901847,0.964198977,0.280173305,1.008368733,0
11.3,-0.10594707,1.0050921,0.305044276,1.055692626,0
11.4,-0.084897153,1.008025564,0.310939135,1.058303458,0
11.5,-0.105751664,0.964832314,0.317770966,1.021304654,0
11.6,-0.114781289,0.986246125,0.296348626,1.036184671,0
11.7,-0.114337637,0.979802041,0.302485574,1.031786149,0
11.8,-0.100315588,0.986957574,0.2975756,1.035712174,0
11.9,-0.077265472,1.014636467,0.277463396,1.054724158,0
12,-0.102596946,0.990665367,0.309215664,1.042860647,0
12.1,-0.062269978,1.004817333,0.299953133,1.050479559,0
12.2,-0.081137451,1.003697769,0.265098205,1.041282649,0
12.3,-0.068636508,1.037397371,0.298305982,1.081614873,0
12.4,-0.064045738,0.987445002,0.281348105,1.028740125,0
12.5,-0.038778616,1.0041514,0.306980909,1.050743115,0
12.6,-0.084488452,0.994505203,0.233054377,1.024935725,0
12.7,-0.085538271,0.97552221,0.265028628,1.01449522,0
12.8,-0.104905308,0.969083787,0.275629031,1.012965879,0
12.9,-0.0777145,1.025881953,0.257469293,1.060548802,0
13,-0.060625448,1.014382588,0.283793837,1.0550765,1
13.1,-0.085741899,0.978353329,0.245003607,1.012202389,1
13.2,-0.092235497,0.988163271,0.254413937,1.024548919,1
13.3,-0.113440308,0.863139075,0.247200098,0.904978262,1
13.4,-0.35384515,0.536250708,0.207112305,0.675030902,1
13.5,-0.137289185,0.595381515,0.090557465,0.617679628,1
13.6,-0.046275042,0.194474987,0.080808464,0.215619823,1
13.7,-0.007488186,0.029569342,0.03840606,0.04904533,1
13.8,3.197812629,-5.183083651,8.002839413,10.05662967,1
13.9,-0.20450768,-0.334243654,-1.484261288,1.535113606,1
14,0.410727298,-1.443884366,1.564327734,2.168091381,1
14.1,0.014969269,-0.15610668,1.047178481,1.058856055,1
14.2,0.133230668,-0.141915535,1.040076905,1.05813534,1
14.3,0.120270227,-0.131648087,1.001707088,1.017454292,1
14.4,0.124000138,-0.124294925,0.991732783,1.007153998,1
14.5,0.120554167,-0.121648277,1.000165964,1.014723394,0
14.6,0.126607135,-0.121536434,0.998998985,1.014297512,0
14.7,0.121709028,-0.11937429,0.996151191,1.010633714,0
14.8,0.138015395,-0.133151763,1.015697609,1.033643688,0
14.9,0.111694988,-0.121768043,1.019635754,1.032937703,0
15,0.124219646,-0.137148658,1.01839693,1.035071293,0
15.1,0.136154846,-0.124918273,1.001950176,1.018845853,0
15.2,0.117492029,-0.159278706,1.046660207,1.065209685,0
15.3,0.133695159,-0.114341917,0.986271207,1.001837993,0
15.4,0.167718659,-0.088783288,0.954906806,0.97358052,0
15.5,-0.049106375,-0.272347732,0.902609631,0.944080965,0
15.6,0.146483331,-0.258839377,0.931738941,0.978055542,0
15.7,0.322311429,-0.27842595,0.969296497,1.058745185,0
15.8,0.265024686,-0.437297751,0.774688534,0.928229353,0
15.9,0.088437008,-0.1116003,0.997927144,1.008034878,0
16,0.201459856,-0.162463694,1.101072416,1.131079569,0
16.1,0.171767454,-0.017208079,0.987469225,1.002444835,0
16.2,0.171803229,-0.015657075,1.006453231,1.021131529,0
16.3,0.083715104,0.169083528,1.078004424,1.094390696,0
16.4,0.056898583,0.112418364,1.027884279,1.035577823,0
16.5,0.39620218,0.013755995,1.149395705,1.215843691,0
16.6,0.441515951,0.026251575,0.881149906,0.985926284,0
16.7,0.601862999,0.040717454,1.044103241,1.205839358,0
16.8,0.61508767,0.082984674,1.038349494,1.20970615,0
16.9,0.828747906,0.105422605,0.937007774,1.255356756,0
17,0.533970255,0.165455018,0.68308675,0.882670439,0
17.1,0.66915846,0.096935833,0.342980104,0.758158923,0
17.2,0.760972733,0.039368756,0.612067039,0.97737171,0
17.3,0.978227121,-0.065188565,0.538637567,1.118618915,0
17.4,0.810126487,-0.042070949,0.28073923,0.858422626,0
17.5,0.876174882,-0.087120079,0.288887154,0.926675844,0
17.6,0.895241444,-0.167155709,0.248426562,0.943988364,0
17.7,1.000676124,-0.18889617,0.249441561,1.048453891,0
17.8,0.921094476,-0.178174268,0.142885997,0.948987625,0
17.9,0.937747971,-0.110049611,0.143107986,0.954967052,0
18,0.946948947,-0.160496752,0.002311417,0.960456588,0
18.1,0.919182836,-0.148997435,0.17812527,0.948064309,0
18.2,0.824769337,-0.091648169,0.085342024,0.834222457,0
18.3,0.976749929,-0.047686365,-0.044782313,0.978938133,0
18.4,0.936624782,-0.100249479,0.098266589,0.947086196,0
18.5,0.991690756,-0.117947949,0.169384917,1.012943002,0
18.6,0.954007172,-0.185925202,0.133464508,0.981076266,0
18.7,0.9549574,-0.163408308,0.085478724,0.972600906,0
18.8,1.027275941,-0.123167847,0.078567939,1.03761221,0
18.9,1.060306856,-0.131389871,0.120639428,1.075205933,0
19,0.978254809,-0.15032417,0.110349415,0.995869881,0
19.1,0.984339726,-0.11328253,0.119851004,0.998059062,0
19.2,0.990451482,-0.128854053,0.100741658,1.003865722,0
19.3,1.005062969,-0.161637192,0.089250757,1.021882504,0
19.4,1.000268264,-0.124472401,0.115592939,1.014589427,0
19.5,0.937495427,-0.120991173,0.050119223,0.946598371,0
19.6,0.97571191,-0.122547821,0.023452829,0.983657326,0
19.7,1.01178342,-0.158418189,0.086449328,1.027752644,0
19.8,1.037294742,-0.132733904,0.081436407,1.048918757,0
19.9,0.991214618,-0.114826202,0.078537189,1.000929351,0
20,0.975514263,-0.11521738,0.064059905,0.984381427,0
20.1,0.992794465,-0.110961072,0.038182484,0.999705512,0
20.2,0.99839405,-0.124744131,0.073967985,1.008872162,0
20.3,0.993031164,-0.153357477,0.068830147,1.007157881,0
20.4,0.986230204,-0.147519023,0.063920706,0.999248585,0
20.5,0.982589108,-0.120681362,0.051656678,0.991319201,0
20.6,0.996004004,-0.129278521,0.045138478,1.005372764,0
20.7,1.032750278,-0.109205391,0.084603653,1.041948527,0
20.8,0.979071089,-0.072064941,0.043075283,0.982664252,0
20.9,0.984655259,-0.139272048,-0.049991052,0.995711699,0
21,1.007920263,-0.102526228,0.158179075,1.025395291,0
21.1,1.012097481,-0.157049105,0.062590774,1.026120528,0
21.2,0.980080437,-0.156600923,0.172285046,1.007354778,0
21.3,0.963699682,-0.204777986,-0.024515605,0.985521241,0
21.4,1.007654357,-0.117725876,0.083033535,1.017900414,0
21.5,0.987148476,-0.12336534,0.135280146,1.003982987,0
21.6,1.044551459,-0.122414304,-0.027219947,1.052052251,0
21.7,1.005564508,-0.118554077,0.084840555,1.016077245,0
21.8,1.013315794,-0.154704491,0.114392192,1.031420356,0
21.9,0.931467048,-0.156634542,-0.018671144,0.944729513,0
22,0.697459241,-0.026497016,0.020455403,0.698262063,0
22.1,0.294502562,0.054505719,0.026128578,0.300641539,0
22.2,-0.00508042,0.035106465,0.029228896,0.04596306,0
22.3,-0.004202975,0.015999368,0.06552526,0.067581096,0
22.4,-0.186984878,-0.534527151,8.01640341,8.036380171,0
22.5,0.035959729,0.001179204,0.035108404,0.050270197,0
22.6,0.031502154,-0.09575977,0.427208439,0.438941192,0
22.7,0.101297917,-0.052509609,0.84332877,0.851012304,0
22.8,0.117359019,-0.071038088,1.074774581,1.083494324,0
22.9,0.079957636,-0.05978666,1.014276893,1.01917873,0
23,0.096013,-0.082131371,1.033042061,1.040740101,1
23.1,0.073083206,-0.057777487,1.011609642,1.015890477,1
23.2,0.076071134,-0.080679983,1.020097958,1.026107168,1
23.3,0.08676265,-0.078322255,1.015851725,1.022554087,1
23.4,0.082358048,-0.079649899,1.030600508,1.036949546,1
23.5,0.082572589,-0.067044501,1.011891969,1.017466734,1
23.6,0.084813229,-0.06780393,1.02247195,1.028221545,1
23.7,0.09224858,-0.086068804,1.022438534,1.030193281,1
23.8,0.097436688,-0.080520996,1.024098693,1.031869988,1
23.9,0.094988269,-0.076333556,1.02273871,1.02997284,1
24,0.082734894,-0.085244606,1.01124768,1.018201147,1
24.1,0.08835008,-0.073190556,1.012562107,1.019041027,1
24.2,0.092145462,-0.06021522,1.001398097,1.007429803,1
24.3,0.08340966,-0.069682647,1.030721489,1.036436023,1
24.4,0.095637246,-0.065056811,1.011916596,1.018505802,1
24.5,0.066803233,-0.07738098,1.015177305,1.020311447,0
24.6,0.079464471,-0.087242986,1.027633062,1.034386606,0
24.7,0.095494064,-0.080641665,1.027718052,1.035290582,0
24.8,0.065994617,-0.08306062,1.012056165,1.017601119,0
24.9,0.119860099,-0.093805772,1.102063366,1.11252399,0
25,-0.146064831,0.014445995,0.898092653,0.910007712,0
25.1,0.168934635,-0.207096982,1.200889504,1.230269756,0
25.2,0.259409014,-0.467938474,1.010761495,1.143633793,0
25.3,0.516602293,-0.573904122,0.957924367,1.230391386,0
25.4,0.644566186,-0.643848695,0.527397869,1.052689519,0
25.5,0.359624466,-0.883938974,0.565340964,1.109183606,0
25.6,0.763558124,-0.80357392,0.228109426,1.131718147,0
25.7,0.842395213,-0.861104548,0.440334975,1.282585525,0
25.8,1.01545263,-0.723710605,0.300950614,1.282759664,0
25.9,0.574318389,-0.192398556,0.244996341,0.653362092,0
26,0.670951133,0.108349194,0.288385546,0.738296142,0
26.1,0.7889912,0.239270919,0.153332748,0.838611124,0
26.2,0.99671671,0.307304313,0.085949565,1.04655027,0
26.3,0.835730304,0.400589653,0.126285066,0.935342252,0
26.4,0.77507972,0.416000947,0.014784992,0.879786313,0
26.5,0.897632054,0.412655162,0.016404782,0.988077276,0
26.6,0.993990178,0.398192216,-0.028740982,1.071167381,0
26.7,0.962461611,0.432024981,-0.076722511,1.057763811,0
26.8,0.891416349,0.447610394,0.018551188,0.997658418,0
26.9,0.818044649,0.534693059,0.017769,0.977450486,0
27,0.915164152,0.497316087,0.013539505,1.041648709,0
27.1,0.890532239,0.481100496,0.022089216,1.012419522,0
27.2,0.854511012,0.511511045,-0.044188749,0.996887789,0
27.3,0.933723727,0.460390047,0.001066493,1.041057218,0
27.4,0.904718057,0.532130769,-0.006021554,1.049625732,0
27.5,0.931437071,0.533241213,-0.028562628,1.073655919,0
27.6,0.864782761,0.509631839,-0.076708402,1.006706518,0
27.7,0.860119153,0.515186209,-0.063997458,1.004647929,0
27.8,0.938646854,0.467351315,-0.080824546,1.051669043,0
27.9,0.884845308,0.53639578,-0.079766993,1.037802691,0
28,0.902666851,0.531022397,-0.010336735,1.047329498,0
28.1,0.883946309,0.548311377,-0.016216379,1.040321784,0
28.2,0.906530441,0.517526773,-0.090687914,1.047786094,0
28.3,0.857018493,0.501730432,-0.068585599,0.995448697,0
28.4,0.810272662,0.553490803,-0.108416655,0.987242638,0
28.5,0.873250235,0.511269133,-0.016904811,1.012051319,0
28.6,0.88845287,0.519857518,0.003901946,1.0293763,0
28.7,0.92438178,0.514313321,0.017779189,1.0579773,0
28.8,0.886296189,0.515514832,0.034274828,1.025890462,0
28.9,0.862447857,0.556287633,0.069520404,1.028642466,0
29,0.822127261,0.579687853,0.04918346,1.007149568,0
29.1,0.861334075,0.576776065,-0.038948032,1.037344671,0
29.2,0.914765496,0.526732146,-0.02706276,1.055923794,0
29.3,0.832020973,0.527417009,0.004143433,0.985111552,0
29.4,0.883957126,0.517006741,-0.040330386,1.024842774,0
29.5,0.898431101,0.518443883,0.027921787,1.037661857,0
29.6,0.877246017,0.533527054,0.015422735,1.026863941,0
29.7,0.880075492,0.570874405,-0.02164551,1.049237335,0
29.8,0.817357126,0.533844248,0.032905251,0.976803516,0
29.9,0.85670369,0.518536011,0.052285486,1.002773444,0
30,0.855665713,0.514952048,0.02721118,0.999039475,0
30.1,0.892028938,0.489926304,0.029169662,1.018132741,0
30.2,0.913319733,0.52874284,0.057864995,1.056915457,0
30.3,0.875238827,0.519896595,-0.013207899,1.018091313,0
30.4,0.86864209,0.526601417,0.035551383,1.016421189,0
30.5,0.830264009,0.54856419,0.018556085,0.995291577,0
30.6,0.897137071,0.554613482,-0.000155588,1.054727957,0
30.7,0.887801239,0.545158598,0.028592488,1.042212295,0
30.8,0.835013185,0.552293922,0.024624286,1.001439939,0
30.9,0.88663595,0.535009278,0.052501879,1.036877371,0
31,0.911741802,0.493088082,-0.011199592,1.036597512,0
31.1,0.834791644,0.524978575,0.035669964,0.9867887,0
31.2,0.873105122,0.545023879,0.062442536,1.031146281,0
31.3,0.871100783,0.544810239,0.072273988,1.029979757,0
31.4,0.871891848,0.576895201,-0.042541006,1.046333219,0
31.5,0.925659585,0.465456752,0.084967522,1.039574497,0
31.6,0.922007489,0.508847185,0.051442377,1.054357428,0
31.7,0.796093986,0.533850977,0.042487279,0.959462177,0
31.8,0.891240157,0.566494765,-0.026441741,1.056373278,0
31.9,0.90393412,0.510069997,0.040664219,1.038711641,0
32,0.88198679,0.521078044,0.023902469,1.024692321,0
32.1,0.890441786,0.529528116,0.063896309,1.037964035,0
32.2,0.882143341,0.499144416,0.015299753,1.013684421,0
32.3,0.858242175,0.542880891,0.06403314,1.01754584,0
32.4,0.855778659,0.554899318,0.042895424,1.020838079,0
32.5,0.873552807,0.538404369,0.030164363,1.02658836,0
32.6,0.876035936,0.557356731,0.085621832,1.041833281,0
32.7,0.876061052,0.545240657,0.020708181,1.032084866,0
32.8,0.906361374,0.520339802,0.026716516,1.045446422,0
32.9,0.892825468,0.538189796,0.076085679,1.045262935,0
33,0.85756712,0.526441007,0.036907106,1.006937751,1
33.1,0.807694388,0.53632639,0.065749359,0.971771166,1
33.2,0.675445215,0.518803011,0.001763039,0.851695903,1
33.3,0.430086813,0.421423646,-0.09572815,0.609701923,1
33.4,0.210523806,0.191110665,-0.084068121,0.296497906,1
33.5,-0.020564641,-0.027205765,0.045734308,0.057049847,1
33.6,-0.018723357,-0.039245749,0.055700868,0.070663849,1
33.7,0.020620347,-0.060681654,0.360171384,0.365829042,1
33.8,0.015835872,-0.008182249,1.215830485,1.215961139,1
33.9,0.166581486,0.148757525,0.652202766,0.689381346,1
34,0.185771811,0.019755752,1.135743038,1.151005519,1
34.1,0.198074286,0.021641201,0.882980811,0.905183339,1
34.2,0.173873202,-0.02134328,1.033257036,1.048001683,1
34.3,0.188724887,0.009170715,1.019201356,1.036567696,1
34.4,0.188645131,0.019144364,1.008846856,1.026511311,1
34.5,0.189051872,-0.008048698,1.00736147,1.024979279,0
34.6,0.171949896,0.009766814,1.01870957,1.033165691,0
34.7,0.190298553,-0.006977894,0.992654088,1.010754356,0
34.8,0.208277179,0.019507444,0.995154823,1.016903656,0
34.9,0.194976808,0.012991605,1.018126069,1.036708942,0
35,0.19071682,0.004834349,1.00158699,1.019594417,0
35.1,0.170031756,-0.014582825,1.0037516,1.018155554,0
35.2,0.201547244,0.016197264,1.019845203,1.039696052,0
35.3,0.204176393,0.009730093,1.004812787,1.025393296,0
35.4,0.182983816,0.001539227,1.008052791,1.024527147,0
35.5,0.185993193,-0.000493225,1.006404818,1.023447297,0
35.6,0.189534161,-0.01739425,1.012051502,1.029793184,0
35.7,0.200729585,-0.011156363,1.044835016,1.064000489,0
35.8,0.195865914,0.004936349,1.056621877,1.074633712,0
35.9,0.19636786,0.003630013,1.011827732,1.030712798,0
36,-0.129975642,-0.007766925,1.205819694,1.212829389,0
36.1,0.134612412,-0.143958359,1.1411607,1.158055376,0
36.2,0.425534777,0.039140369,0.988283259,1.076715197,0
36.3,0.626137994,-0.014913468,1.041565893,1.215372662,0
36.4,0.494662414,0.203130396,0.846911113,1.00160436,0
36.5,0.477768678,0.169840337,0.813454633,0.958549472,0
36.6,0.637806009,0.35469785,0.678160288,0.996247181,0
36.7,0.601756252,0.38044708,0.471634451,0.853984557,0
36.8,0.736886904,0.539902883,0.478518143,1.031250234,0
36.9,0.870399319,0.625745507,0.35050192,1.127831552,0
37,0.953727516,0.634351078,0.31956482,1.189167414,0
37.1,0.981256603,0.512530056,0.297404293,1.14629878,0
37.2,0.884593562,0.322115738,0.2114467,0.964869953,0
37.3,0.872265052,0.140107604,0.143143063,0.894967261,0
37.4,0.889234312,-0.030616878,0.161299014,0.904263472,0
37.5,0.851203496,-0.115261025,0.128293482,0.868499691,0
37.6,0.839894449,-0.16795161,0.020930606,0.856777987,0
37.7,0.969362617,-0.262105241,0.106343706,1.009788109,0
37.8,0.933844878,-0.211001402,0.116352117,0.964430227,0
37.9,0.981296472,-0.184960722,0.163604286,1.011889123,0
38,0.95539827,-0.219950679,0.182832493,0.997292272,0
38.1,0.98669207,-0.220802076,0.108123128,1.016860565,0
38.2,0.957431493,-0.315501798,0.089919661,1.012078057,0
38.3,0.915738719,-0.286887535,0.104283578,0.965275569,0
38.4,0.938250555,-0.28604686,0.108277178,0.986843887,0
38.5,0.927173568,-0.296104733,0.072011692,0.975968505,0
38.6,0.963346311,-0.308390784,0.107910301,1.017244132,0
38.7,0.937496724,-0.315693881,0.083958874,0.992779848,0
38.8,0.962675816,-0.324895104,0.064833891,1.01808889,0
38.9,0.901581895,-0.33324485,0.071709639,0.96386945,0
39,0.941323639,-0.302845964,0.123645824,0.996541099,0
39.1,1.023476999,-0.275592753,0.128307624,1.06767007,0
39.2,0.919430862,-0.301327808,0.153922386,0.979716111,0
39.3,0.943406028,-0.291025588,0.095341926,0.991867385,0
39.4,0.929242156,-0.351266384,0.066822161,0.995662723,0
39.5,0.936199266,-0.35132207,0.070678844,1.002442897,0
39.6,0.964597652,-0.330018376,0.120042828,1.026533506,0
39.7,0.961729348,-0.327641824,0.08072032,1.019209632,0
39.8,0.8847764,-0.394421152,0.10142969,0.974004777,0
39.9,0.949141918,-0.320857905,0.119568259,1.009017713,0
40,0.940291286,-0.364393096,0.096286371,1.013015842,0
40.1,0.979435087,-0.326786304,0.105281497,1.037866355,0
40.2,0.956802487,-0.315500742,0.098390769,1.012270942,0
40.3,0.922963897,-0.354600659,0.111235023,0.994975986,0
40.4,0.964961431,-0.295841948,0.122603973,1.01671272,0
40.5,0.934397133,-0.325747731,0.047711556,0.990699742,0
40.6,0.942294635,-0.327250247,0.125036082,1.005308871,0
40.7,0.927947552,-0.288485598,0.106553067,0.977580767,0
40.8,0.98120041,-0.329926862,0.097001008,1.039718796,0
40.9,0.876378934,-0.352247926,0.091420035,0.948934276,0
41,0.931512236,-0.345343111,0.105579578,0.999061538,0
41.1,0.965225981,-0.316816701,0.107303704,1.021542021,0
41.2,0.938228059,-0.323975719,0.118886841,0.999683069,0
41.3,0.930419972,-0.314752525,0.082634303,0.985687021,0
41.4,0.948810997,-0.346648434,0.090984767,1.014241427,0
41.5,0.942590535,-0.335671951,0.11626703,1.007308591,0
41.6,0.980966859,-0.335893028,0.120024705,1.043803638,0
41.7,0.951829384,-0.323575562,0.084968524,1.008910289,0
41.8,0.949975958,-0.334145473,0.103505431,1.012334378,0
41.9,0.934170285,-0.332277997,0.096774517,0.996216892,0
42,0.91529942,-0.349656723,0.123302963,0.987540618,0
42.1,0.975552981,-0.324599937,0.116104959,1.034673426,0
42.2,1.015357062,-0.370481271,0.112997558,1.086726637,0
42.3,1.063542151,-0.291531684,0.042857763,1.103607456,0
42.4,0.957740445,-0.311578371,0.100667054,1.012166833,0
42.5,0.90838226,-0.228967995,0.122019752,0.944708152,0
42.6,0.976580735,-0.153237118,0.129772124,0.99701171,0
42.7,0.961340399,-0.164095969,0.139543359,0.98517775,0
42.8,0.973606695,-0.176400141,0.11116621,0.995683149,0
42.9,0.964549005,-0.170704107,0.123374692,0.987277058,0
43,0.939671875,-0.14182662,0.123157762,0.958261894,1
43.1,1.006253498,-0.096019136,0.120092371,1.017933178,1
43.2,0.959913455,-0.132851032,0.112712107,0.975595847,1
43.3,0.991448074,-0.13229065,0.056025528,1.001802855,1
43.4,1.020536364,-0.114924526,0.05608206,1.028517046,1
43.5,0.946590095,-0.142331032,0.073179401,0.960024039,1
43.6,0.697363495,-0.110395915,0.005358488,0.706067855,1
43.7,0.367437796,-0.167106754,-0.024014349,0.404366035,1
43.8,-0.009982491,0.005504249,0.041029535,0.042583678,1
43.9,-0.01982163,0.007315591,0.048052981,0.052492894,1
44,0.249868791,-1.040493229,0.771994465,1.319483242,1
44.1,-0.03234303,-0.009911709,0.029950367,0.045181169,1
44.2,0.76380497,-0.506611527,4.653957359,4.743350332,1
44.3,0.619787999,-0.210846102,0.897959743,1.111271768,1
44.4,0.569065707,-0.175931124,0.860152681,1.04625531,1
44.5,0.603028881,-0.172207514,0.844023896,1.051511101,0
44.6,0.60292688,-0.176208001,0.829834653,1.040766849,0
44.7,0.601585181,-0.166004811,0.810481635,1.022908993,0
44.8,0.604325136,-0.161932215,0.806991879,1.021110574,0
44.9,0.597855688,-0.173693676,0.806822591,1.019099411,0
45,0.590585386,-0.182297738,0.819104183,1.026136066,0
45.1,0.588628355,-0.167188679,0.811571126,1.01640695,0
45.2,0.605724177,-0.171073646,0.822035732,1.035331211,0
45.3,0.581432268,-0.18279825,0.840672609,1.038368489,0
45.4,0.609734569,-0.174619653,0.827759498,1.042810651,0
45.5,0.562123847,-0.173580391,0.876575203,1.055697617,0
45.6,0.579935818,-0.187237756,0.907710664,1.093307907,0
45.7,0.586943303,-0.188493383,0.830346912,1.034170291,0
45.8,0.591950598,-0.157417136,0.822285688,1.025348437,0
45.9,0.596406695,-0.150665035,0.772487586,0.987490744,0
46,0.573728105,-0.177730623,0.793533459,0.995212271,0
46.1,0.56214828,-0.18702905,0.800658204,0.996014113,0
46.2,0.572881767,-0.170562542,0.774315291,0.978186725,0
46.3,0.598998218,-0.167742957,0.822879135,1.031536056,0
46.4,0.603418715,-0.138169502,0.813515152,1.022258216,0
46.5,0.582134862,-0.11303306,0.861057231,1.04550324,0
46.6,0.534809426,-0.144698982,0.854258206,1.018192516,0
46.7,0.436556848,-0.140211044,0.881644271,0.993749284,0
46.8,0.352147396,-0.189884789,0.951243012,1.031953143,0
46.9,0.30227693,-0.157255738,0.970976687,1.029026937,0
47,0.219023521,-0.171232855,0.883773323,0.926470334,0
47.1,0.2568664,-0.138511575,0.96425854,1.007452399,0
47.2,0.329837073,-0.038476601,0.853284243,0.9156238,0
47.3,0.430935244,-0.18576475,0.954091259,1.063251549,0
47.4,0.305578772,-0.061793028,0.877541404,0.931276371,0
47.5,0.214551242,-0.09700576,1.102561582,1.127423787,0
47.6,0.323621035,-0.103745322,1.160930095,1.209649681,0
47.7,0.238366735,-0.154792501,1.091097777,1.127507773,0
47.8,0.296958994,-0.119181227,1.096079723,1.141831672,0
47.9,0.315857578,-0.166418588,0.988255227,1.050766173,0
48,0.369638489,-0.130806681,0.939384126,1.01793199,0
48.1,0.389860129,0.018622737,0.969203927,1.044841605,0
48.2,0.423230821,-0.00423413,0.889081486,0.984686826,0
48.3,0.502923087,-0.060896631,0.844647903,0.984921373,0
48.4,0.515446812,-0.107368101,0.820904393,0.975242199,0
48.5,0.532141769,-0.109382105,0.808205984,0.973825559,0
48.6,0.536908221,-0.156130965,0.802221421,0.977858131,0
48.7,0.719991227,-0.151917829,0.804058165,1.089943084,0
48.8,0.657307164,-0.085550831,0.767667348,1.014241002,0
48.9,0.624658285,-0.111850793,0.75218455,0.984118982,0
49,0.665511392,-0.120346612,0.726200149,0.992348415,0
49.1,0.706280108,-0.134507939,0.75761522,1.044463881,0
49.2,0.737241249,-0.141738191,0.726867137,1.044964214,0
49.3,0.758314668,-0.087663299,0.707518828,1.040821253,0
49.4,0.788229557,-0.106817722,0.702332369,1.061125165,0
49.5,0.775076026,-0.135903188,0.705402925,1.056790334,0
49.6,0.727247839,-0.174311333,0.694869187,1.020841343,0
49.7,0.72106066,-0.173362689,0.653483497,0.988445132,0
49.8,0.741334821,-0.164050753,0.611296415,0.974768318,0
49.9,0.79521364,-0.13729945,0.636159131,1.027576913,0
50,0.726377867,-0.119021013,0.571696718,0.932002116,0
50.1,0.905933696,-0.103010054,0.610907217,1.097512898,0
50.2,0.885221791,-0.098679349,0.61461805,1.082178627,0
50.3,0.924620277,-0.046303635,0.596060462,1.101069824,0
50.4,0.805976298,-0.027898402,0.506684468,0.952420739,0
50.5,0.871979545,-0.094422944,0.480719881,1.000177796,0
50.6,0.851110455,-0.134680612,0.647953056,1.078133126,0
50.7,0.870352438,-0.07550162,0.448479559,0.982012106,0
50.8,0.903659784,-0.075574273,0.51353456,1.042127737,0
50.9,0.870073333,-0.093663547,0.513380943,1.014574028,0
51,0.864647226,-0.074121057,0.502553024,1.002830144,0
51.1,0.869019587,-0.030422812,0.486958933,0.996619081,0
51.2,0.959715504,-0.000862389,0.457003415,1.062970702,0
51.3,0.875999255,0.034286469,0.445269428,0.983267573,0
51.4,0.847181534,0.051550114,0.475830582,0.973030682,0
51.5,0.91399088,0.062317355,0.419570329,1.007621974,0
51.6,0.957851638,0.002868681,0.46250734,1.063673366,0
51.7,0.937674299,0.019564042,0.453062282,1.041576341,0
51.8,0.94045116,0.004259319,0.460507873,1.047155207,0
51.9,0.952363779,0.021147498,0.420654491,1.041342492,0
52,0.938791859,-0.013199967,0.391047988,1.01706584,0
52.1,0.938149025,-0.002138003,0.350284366,1.001412653,0
52.2,0.956265504,0.037164088,0.389543365,1.033232267,0
52.3,0.942464519,0.020224261,0.37667038,1.015149726,0
52.4,0.909369735,0.00786545,0.359778839,0.977985682,0
52.5,0.942344464,0.024003986,0.366570902,1.011416584,0
52.6,0.915825433,0.015307196,0.35971537,0.984055731,0
52.7,0.918141433,0.002685797,0.370295269,0.990004793,0
52.8,0.921748135,0.001203913,0.362228404,0.990368866,0
52.9,0.945536608,-0.012095348,0.423232713,1.036007579,0
53,0.927345742,0.008967773,0.382976277,1.003355059,1
53.1,0.929486979,0.0110976,0.384341259,1.005876436,1
53.2,0.944181507,-0.004894662,0.405083838,1.027421818,1
53.3,0.929721714,0.008745796,0.413411518,1.017530362,1
53.4,0.952717877,0.012935427,0.413259363,1.038567273,1
53.5,0.932403593,0.009252374,0.393064871,1.011910104,1
53.6,0.932509694,0.00525919,0.431071171,1.027338475,1
53.7,1.033200913,-0.065547182,0.452117211,1.129694885,1
53.8,1.243708408,0.298855445,0.679917681,1.448590085,1
53.9,1.005538727,0.103200755,0.362642678,1.073903273,1
54,0.68817456,-0.034614521,0.236024016,0.728347257,1
54.1,0.534594217,0.015574411,-0.015792369,0.535054145,1
54.2,0.281114096,-0.032137654,-0.09674255,0.299026896,1
54.3,-0.015003493,-0.041069174,0.046862874,0.064092986,1
54.4,-0.036860753,0.015021653,0.070054018,0.080572518,1
54.5,-0.013621699,-0.00373079,0.009832691,0.017209047,0
54.6,0.051615704,-1.098420465,1.793539598,2.103800368,0
54.7,0.43525662,-0.096622415,0.92108723,1.023321016,0
54.8,0.506833352,-0.128489743,0.673462098,0.852608268,0
54.9,0.508449005,-0.141086075,0.849945555,1.000416472,0
55,0.520063632,-0.127156471,0.866974579,1.018960191,0
55.1,0.504501587,-0.149857663,0.878267567,1.023881385,0
55.2,0.520716154,-0.153069842,0.859786943,1.016764121,0
55.3,0.504187863,-0.139294541,0.878082815,1.022075242,0
55.4,0.525301795,-0.146161719,0.874549171,1.030602482,0
55.5,0.523851586,-0.141182654,0.88695166,1.039728942,0
55.6,0.507808797,-0.12986809,0.858843882,1.006155211,0
55.7,0.50699538,-0.145045049,0.858381508,1.007423047,0
55.8,0.52117284,-0.138395035,0.855610227,1.011357096,0
55.9,0.508045806,-0.143673409,0.968654145,1.103196919,0
56,0.678735299,-0.177941426,0.719914713,1.005296947,0
56.1,0.622565036,-0.165823725,0.830611636,1.051190003,0
56.2,0.595593116,-0.15193968,0.817917477,1.023135292,0
56.3,0.626245508,-0.145068859,0.767342777,1.001021152,0
56.4,0.61829533,-0.148758154,0.761897552,0.992424296,0
56.5,0.66209131,-0.158026044,0.736588836,1.002945785,0
56.6,0.581505072,-0.14247377,0.77298776,0.977730536,0
56.7,0.672864617,-0.152328482,0.710795365,0.990545713,0
56.8,0.63427487,-0.305278537,0.831567239,1.08949698,0
56.9,0.719384757,-0.164892326,0.635335915,0.973835526,0
57,0.880202106,-0.18321187,0.683340466,1.129281422,0
57.1,0.621785222,-0.141307056,0.684620674,0.935569353,0
57.2,0.879651709,-0.236159893,0.79624672,1.209779924,0
57.3,0.56021526,-0.349609553,0.758201736,1.005454051,0
57.4,0.575074388,-0.39471771,0.878218522,1.121508089,0
57.5,0.396517412,-0.422393947,0.619730987,0.848356765,0
57.6,0.442739506,-0.544575443,0.707483735,0.996551012,0
57.7,0.455899065,-0.580693094,0.669969425,0.996949075,0
57.8,0.396049807,-0.665725066,0.660217229,1.017807498,0
57.9,0.461104507,-0.706542485,0.60452731,1.037917587,0
58,0.312801245,-0.69853667,0.599977295,0.972507508,0
58.1,0.228475695,-0.633981913,0.626988534,0.920461206,0
58.2,0.196305113,-0.721106919,0.769483033,1.07267657,0
58.3,0.145550983,-0.705821205,0.702812026,1.006634693,0
58.4,0.081791311,-0.769186649,0.875904552,1.168566089,0
58.5,-0.044658591,-0.691901558,0.783196,1.046001018,0
58.6,-0.393553016,-0.754515321,0.77828424,1.153214509,0
58.7,-0.568544778,-0.608562892,0.698757368,1.087131003,0
58.8,-0.767737507,-0.497953927,0.592273436,1.090030649,0
58.9,-0.703769841,-0.139274733,0.466492988,0.855748297,0
59,-0.952856497,0.05246814,0.430710526,1.046995686,0
59.1,-0.860913658,0.221977094,0.328458765,0.947803417,0
59.2,-0.853982728,0.363811188,0.172328177,0.944109147,0
59.3,-0.879338796,0.620482822,0.183818975,1.091799004,0
59.4,-0.627855156,0.617390642,0.162106199,0.895350055,0
59.5,-0.67576188,0.662803002,0.159500702,0.959897084,0
59.6,-0.696060978,0.715632857,0.12343301,1.00591599,0
59.7,-0.697547765,0.747128836,0.123963657,1.029631667,0
59.8,-0.583162214,0.792349275,0.142569458,0.994093352,0
59.9,-0.609485377,0.789143612,0.125631754,1.004989255,0
60,-0.591082148,0.818738486,0.106393979,1.015396717,0
60.1,-0.587158119,0.824943247,0.135880856,1.021640653,0
60.2,-0.581257789,0.890046497,0.118893602,1.069663065,0
60.3,-0.525079173,0.881054709,0.081905584,1.028918881,0
60.4,-0.536368883,0.829294741,0.075869396,0.990544048,0
60.5,-0.57575422,0.856053239,0.056684496,1.033214983,0
60.6,-0.564804619,0.835583561,0.050242587,1.009816054,0
60.7,-0.574050613,0.86776225,0.078260301,1.043393552,0
60.8,-0.538041132,0.879638347,0.035377058,1.031747749,0
60.9,-0.488607299,0.855808178,0.071968165,0.988091163,0
61,-0.552239231,0.915172266,0.094336229,1.073036704,0
61.1,-0.533679106,0.862874778,0.108621138,1.020374844,0
61.2,-0.51083205,0.886488487,0.083830906,1.026566531,0
61.3,-0.515095853,0.884236851,0.094398679,1.02767196,0
61.4,-0.549368369,0.886747274,0.089550934,1.046969772,0
61.5,-0.513572817,0.868605388,0.08462591,1.012617353,0
61.6,-0.549926439,0.853667471,0.104172949,1.020793438,0
61.7,-0.502863114,0.854080191,0.075664418,0.994006735,0
61.8,-0.547322842,0.930544443,0.113302579,1.085501141,0
61.9,-0.541420523,0.888520417,0.117812641,1.047131574,0
62,-0.527545512,0.892732817,0.093785551,1.041187725,0
62.1,-0.522151582,0.911769132,0.094737408,1.054959905,0
62.2,-0.518311137,0.892901131,0.122930825,1.039726335,0
62.3,-0.509902626,0.887483083,0.096303987,1.028057084,0
62.4,-0.507941766,0.907922725,0.0925895,1.044462219,0
62.5,-0.495939885,0.868250518,0.097348154,1.004635255,0
62.6,-0.532785306,0.884409004,0.099926862,1.037316175,0
62.7,-0.523925261,0.956586233,0.112718568,1.096476345,0
62.8,-0.530180751,0.912395166,0.11232488,1.061213196,0
62.9,-0.470034173,0.819328283,0.082400129,0.948167042,0
63,-0.492158866,0.914257606,0.073921419,1.040937892,1
63.1,-0.506548661,0.894626578,0.082338765,1.031371869,1
63.2,-0.532346845,0.8586141,0.081172245,1.01350889,1
63.3,-0.505029869,0.793585273,0.056595751,0.942356532,1
63.4,-0.363196378,0.343518297,0.023548217,0.500470726,1
63.5,-0.598944744,0.440846676,0.074786686,0.747444745,1
63.6,-0.017631469,-0.002899375,0.024772961,0.030544634,1
63.7,0.003445005,-0.003233157,0.041273588,0.041543115,1
63.8,0.138443836,-2.139028936,2.445511704,3.251943877,1
63.9,1.250333789,0.192091139,0.828637469,1.512241265,1
64,0.08250192,0.225488944,0.468650988,0.526579129,1
64.1,0.073224967,0.197321492,1.237901236,1.255666013,1
64.2,0.104294009,0.17350717,1.030077103,1.049781318,1
64.3,0.1054732,0.213332275,0.989424361,1.017642286,1
64.4,0.118216982,0.199674686,0.993589427,1.020326019,1
64.5,0.119640243,0.196822012,1.028177316,1.053660897,0
64.6,0.110312317,0.206384352,1.009212037,1.035988535,0
64.7,0.115595941,0.200268227,0.996043269,1.02253214,0
64.8,0.099640032,0.211747843,0.993419798,1.02061167,0
64.9,0.112749773,0.185007012,1.004209484,1.027315333,0
65,0.119389575,0.198300808,0.993756687,1.020357503,0
65.1,0.126499567,0.201030448,1.004840459,1.03253074,0
65.2,0.083412493,0.205412645,0.980233274,1.004992174,0
65.3,0.13075244,0.208959528,1.027236575,1.056397305,0
65.4,0.113299109,0.188198433,1.024283925,1.047574769,0
65.5,0.09503002,0.204655452,0.967489765,0.993454078,0
65.6,0.100926503,0.188093614,1.026871366,1.048823231,0
65.7,0.00576223,0.22259559,0.880486173,0.908205869,0
65.8,0.126818106,0.155430917,0.969593383,0.990127734,0
65.9,-0.07547163,0.162893987,1.008343707,1.024200883,0
66,-0.270795843,0.092751764,1.032769388,1.071702331,0
66.1,-0.116197875,0.070553405,0.99612497,1.005357988,0
66.2,0.370960307,0.12690648,1.026570907,1.098892457,0
66.3,0.064745686,0.067396061,1.007363053,1.011688961,0
66.4,0.138506331,0.136430778,1.01162376,1.03013591,0
66.5,0.144819063,0.083440251,1.026336632,1.039856586,0
66.6,0.161400976,0.042719081,1.023684691,1.037210462,0
66.7,0.480516365,-0.13001231,1.094920867,1.202768009,0
66.8,0.520916071,-0.283937953,1.332849472,1.458924957,0
66.9,0.231994923,-0.006658804,1.138761071,1.162171571,0
67,0.306356099,0.007771969,0.900526528,0.951242603,0
67.1,0.491193833,0.082830743,0.689711487,0.85078449,0
67.2,0.698940546,0.036714063,0.742408687,1.020311946,0
67.3,0.85725477,0.043719935,0.654109751,1.079192633,0
67.4,0.928941353,-0.039674594,0.61440834,1.114452206,0
67.5,0.859383741,0.001461725,0.425644473,0.959018127,0
67.6,0.914252469,0.157212839,0.223601057,0.95423838,0
67.7,0.782613894,0.2643625,0.212467353,0.852944555,0
67.8,0.86995764,0.22684001,0.262030876,0.936452276,0
67.9,0.936479097,0.152607731,0.255413034,0.982607774,0
68,0.982422172,0.161821676,0.245118138,1.025388941,0
68.1,0.959735581,0.095351083,0.185112058,0.982064503,0
68.2,1.052518378,0.122304305,0.196957947,1.077750301,0
68.3,0.972784493,0.138818658,0.143531838,0.993066804,0
68.4,0.999882921,0.097271567,0.171606675,1.019154779,0
68.5,0.983594838,0.102853354,0.127354783,0.997124294,0
68.6,0.985773938,0.114685147,0.196941869,1.011775192,0
68.7,1.102158762,0.055499962,0.245272885,1.130483512,0
68.8,0.977705263,0.123033935,0.071363845,0.987996826,0
68.9,0.991888559,0.130346269,0.133121418,1.009234549,0
69,1.033894475,0.108169582,0.192334105,1.057180615,0
69.1,0.978725572,0.116900088,0.164359417,0.999291446,0
69.2,1.000736479,0.132764035,0.110033198,1.015483675,0
69.3,1.006999046,0.105864202,0.102076691,1.017680676,0
69.4,0.996601087,0.11339424,0.129965616,1.011416354,0
69.5,1.004959137,0.125370052,0.137833942,1.022085472,0
69.6,1.03845427,0.120825087,0.131116561,1.053649622,0
69.7,0.940736572,0.140513988,0.128291906,0.959785545,0
69.8,0.999900634,0.087221692,0.138217044,1.013169706,0
69.9,1.025891399,0.108074809,0.14905508,1.042281509,0
70,0.991661723,0.101284028,0.106279651,1.002470344,0
70.1,0.981305094,0.102459771,0.117362582,0.993595324,0
70.2,0.97780414,0.084839647,0.126630243,0.989613015,0
70.3,1.010241156,0.079902426,0.104686949,1.018788962,0
70.4,1.046616146,0.070455189,0.122532305,1.05611716,0
70.5,1.007129007,0.084327919,0.118608841,1.017589353,0
70.6,0.954408621,0.094995846,0.113637909,0.965833112,0
70.7,1.016527019,0.088731703,0.067068126,1.022594069,0
70.8,1.052848659,0.076716027,0.12693948,1.063244694,0
70.9,1.007357944,0.094838809,0.096648921,1.016417946,0
71,0.990291455,0.09611198,0.129481003,1.003334445,0
71.1,0.975205435,0.079233458,0.133627783,0.987501881,0
71.2,1.014102222,0.077234638,0.101829684,1.022124156,0
71.3,1.018399979,0.054760835,0.111998409,1.026002393,0
71.4,0.952290133,0.082802878,0.123266836,0.963798489,0
71.5,1.014886853,0.048211429,0.115044097,1.022523746,0
71.6,1.027767862,0.06668673,0.094457014,1.034251432,0
71.7,1.018182327,0.0780564,0.083557869,1.024582827,0
71.8,1.054407683,0.054609813,0.130003825,1.063794523,0
71.9,1.028551501,0.068051099,0.111740398,1.036838974,0
72,1.013856161,0.047683278,0.075976509,1.017816506,0
72.1,1.009081254,0.050836337,0.048160622,1.011508159,0
72.2,1.03099714,0.050079518,0.091910312,1.036296563,0
72.3,0.979404333,0.067876421,0.092328248,0.986085474,0
72.4,0.99377206,0.053167837,0.041341415,0.996051625,0
72.5,1.018260848,0.061783402,0.101809251,1.025201184,0
72.6,1.020855682,0.044348202,0.074708148,1.024545945,0
72.7,1.019092968,0.043742938,0.073187281,1.022653558,0
72.8,1.015183634,0.042994959,0.10756497,1.021771305,0
72.9,0.993701683,0.056546193,0.071729995,0.997890625,0
73,1.04384326,0.052662558,0.118990131,1.051922406,1
73.1,0.980525204,0.056163788,0.097454095,0.986955595,1
73.2,0.948560609,0.079029204,0.096224904,0.956698529,1
73.3,0.947817649,0.041987178,0.102885056,0.954309464,1
73.4,1.030608178,0.035273319,0.108838395,1.036939352,1
73.5,0.850605014,0.086059279,0.118415755,0.863109136,1
73.6,0.783195475,-0.048613033,0.055465253,0.78666052,1
73.7,0.098395006,-0.308214525,0.067921998,0.330592148,1
73.8,-0.045272023,-0.126438453,0.025793009,0.136753493,1
73.9,-0.037958193,-0.140478849,0.015049372,0.146292908,1
74,-0.513575153,-1.473305363,0.223473275,1.576175255,1
74.1,-0.758501756,0.683558222,0.261480561,1.054015579,1
74.2,-0.277364994,-1.033840049,-0.008320802,1.07043254,1
74.3,-0.238745682,-0.159270423,-0.023602349,0.287964649,1
74.4,-3.996758945,-0.46822325,0.173360894,4.02782436,1
74.5,-0.500475246,-0.67945749,-0.04703228,0.845192279,0
74.6,-0.957083933,-0.549770277,0.127692857,1.111108671,0
74.7,-0.59484375,-0.016567514,0.367630889,0.699475546,0
74.8,-0.862392836,-0.039329682,0.438529989,0.968285484,0
74.9,-0.904305896,-0.129647594,0.443983149,1.015725696,0
75,-0.894786492,-0.124743469,0.446397416,1.007707523,0
75.1,-0.912989383,-0.121479783,0.47080202,1.03438943,0
75.2,-0.877210396,-0.113880355,0.410418506,0.975146227,0
75.3,-0.889721033,-0.119092711,0.44056707,0.999942965,0
75.4,-0.886230526,-0.117649707,0.458151643,1.004564048,0
75.5,-0.910125297,-0.127022143,0.470932471,1.032589015,0
75.6,-0.873489093,-0.103872071,0.509067212,1.016327717,0
75.7,-0.894291463,-0.134933404,0.4659079,1.017366412,0
75.8,-0.913024883,-0.153892785,0.492498053,1.048738174,0
75.9,-1.118233977,-0.395475713,0.537353956,1.302151121,0
76,-1.018580077,0.29132315,0.293284129,1.099267998,0
76.1,-0.706649625,0.247165976,-0.31727224,0.813084489,0
76.2,-0.890003488,0.472404037,-0.148976288,1.01856061,0
76.3,-1.4017836,0.394911772,-0.149765285,1.464029443,0
76.4,-1.404019332,0.244162478,-0.353301398,1.468232774,0
76.5,-0.716711149,0.394522594,-0.044392021,0.819325088,0
76.6,-1.121382694,0.545423186,0.197857934,1.262589941,0
76.7,-0.786923182,0.526525653,0.291473731,0.990673656,0
76.8,-0.824084339,0.579898984,0.323188825,1.058229108,0
76.9,-0.711018691,0.638567356,0.550004823,1.102642804,0
77,-0.599440777,0.69284414,0.494092249,1.040907968,0
77.1,-0.670247665,0.781180523,0.500493038,1.144538432,0
77.2,-0.620352951,0.796855752,0.438703339,1.101034737,0
77.3,-0.4683869,0.789031293,0.424418389,1.010983501,0
77.4,-0.37622785,0.834816089,0.404549236,1.001062127,0
77.5,-0.294240343,0.843553978,0.46485927,1.007102196,0
77.6,-0.193997214,0.838737821,0.550743798,1.021975921,0
77.7,-0.085292393,0.869699323,0.538278821,1.026350717,0
77.8,-0.095333261,0.803686008,0.56535641,0.987232242,0
77.9,-0.077709642,0.847396194,0.571646319,1.025133461,0
78,-0.074473223,0.984559966,0.658128105,1.186607429,0
78.1,-0.02641117,0.853987685,0.687070733,1.09638438,0
78.2,0.058232683,0.801127137,0.722292423,1.080232419,0
78.3,0.158622854,0.821593889,0.606087534,1.033208511,0
78.4,0.129822569,0.832783743,0.687878949,1.087915489,0
78.5,0.21727554,0.849453733,0.569958569,1.045769131,0
78.6,0.320302982,0.94542164,0.482385265,1.108653066,0
78.7,0.182377605,0.892552242,0.58204262,1.081057217,0
78.8,0.130680314,0.984863257,0.582062093,1.151446594,0
78.9,-0.006338354,0.920130312,0.250362721,0.953604456,0
79,0.268829408,0.904731403,0.309242709,0.993196464,0
79.1,0.204632421,0.877467562,0.255157551,0.93644494,0
79.2,0.202756512,0.949275005,0.248937299,1.002099305,0
79.3,0.264828506,0.995329086,0.204617876,1.05008695,0
79.4,0.148563301,0.994681573,0.248766711,1.036024789,0
79.5,0.133572244,0.91062007,0.104240668,0.926248656,0
79.6,0.270843801,0.869669954,0.197521404,0.932039108,0
79.7,0.288420851,1.020224227,0.218873729,1.082566289,0
79.8,0.403881991,0.975458199,0.147483004,1.066016227,0
79.9,0.585420704,0.950017239,0.012727079,1.115980346,0
80,0.532105564,0.90083266,-0.058441801,1.047879409,0
80.1,0.50373821,0.901398641,0.029335655,1.033020946,0
80.2,0.357862147,0.900604537,0.041865815,0.970003399,0
80.3,0.354702265,0.944452003,0.112239211,1.015086658,0
80.4,0.325063653,0.998130749,0.128443252,1.057558055,0
80.5,0.300850578,1.037298243,0.225444013,1.103323941,0
80.6,0.265825562,1.02526185,0.138480175,1.068176881,0
80.7,0.286723062,0.996185607,0.175435868,1.051367501,0
80.8,0.357157951,1.038120771,0.210450338,1.117830883,0
80.9,0.297760433,0.9989136,0.259752533,1.074225784,0
81,0.245054049,0.920320421,0.197960744,0.972743348,0
81.1,0.220586448,0.911263678,0.138719034,0.947788395,0
81.2,0.257762373,0.989368254,0.130007591,1.030627458,0
81.3,0.373360313,0.978836981,0.126562556,1.055243024,0
81.4,0.235696333,0.974628744,0.160674836,1.015514822,0
81.5,0.233693879,1.009195167,0.185026879,1.052293999,0
81.6,0.189898639,0.97894069,0.159305537,1.009833958,0
81.7,0.222299546,1.010783736,0.246501415,1.063890876,0
81.8,0.268034318,0.999325043,0.282129129,1.07242239,0
81.9,0.256385595,0.981936713,0.183844907,1.031373953,0
82,0.202216706,1.001692967,0.143630908,1.031944879,0
82.1,0.215858357,0.998311454,0.187323176,1.038417335,0
82.2,0.236139197,1.006694741,0.194738683,1.052197309,0
82.3,0.240099372,0.953956527,0.180659105,1.000159225,0
82.4,0.222427412,1.02549402,0.14549268,1.059377203,0
82.5,0.214347439,1.023173443,0.233265016,1.0710935,0
82.6,0.176248411,0.988073484,0.143696062,1.013903975,0
82.7,0.160909017,0.991826372,0.147751454,1.01559921,0
82.8,0.171163419,0.988131287,0.179779276,1.018833129,0
82.9,0.191313327,1.022683699,0.219997949,1.063429281,0
83,0.165050767,0.997165353,0.188657983,1.02818886,1
83.1,0.170253578,1.017536957,0.19669443,1.050264937,1
83.2,0.166226069,1.005748129,0.171985566,1.033798549,1
83.3,0.13804572,0.981137053,0.14768798,1.001747611,1
83.4,0.127960231,0.603669534,-0.054773082,0.619508529,1
83.5,-0.061746891,0.228217081,-0.528138812,0.578641788,1
83.6,-0.025838222,-0.02622601,0.029564099,0.047217087,1
83.7,-0.028139403,-0.036739464,0.061856999,0.077252201,1
83.8,0.033183071,0.042331683,0.252799973,0.258458728,1
83.9,0.364892959,-0.011868642,1.103371704,1.162203447,1
84,0.585165709,-0.029059804,1.155819516,1.295832602,1
84.1,0.17044429,0.250749421,0.61055184,0.681689135,1
84.2,0.203303718,0.099205308,1.143537827,1.165698442,1
84.3,0.219721545,0.178267581,0.941752973,0.98333898,1
84.4,0.231271658,0.175050042,1.003324807,1.044408811,1
84.5,0.236867122,0.166857855,0.968932221,1.011324491,0
84.6,0.242576104,0.186186166,1.000446503,1.04613654,0
84.7,0.228729181,0.178281514,0.992161627,1.033675979,0
84.8,0.21505895,0.167238339,0.972004018,1.00946066,0
84.9,0.2396932,0.17139431,0.986662112,1.029723731,0
85,0.234894864,0.173470747,1.00188053,1.043567101,0
85.1,0.237862607,0.183234515,1.00008337,1.044184014,0
85.2,0.23714888,0.178233051,0.996205692,1.039438499,0
85.3,0.223529745,0.15795312,0.979990033,1.01749457,0
85.4,0.230499148,0.168232496,0.983565725,1.024125757,0
85.5,0.236880214,0.179076058,0.999345165,1.042531165,0
85.6,0.217561947,0.168819228,0.997199477,1.034524011,0
85.7,0.214072567,0.169604334,0.991321593,1.028256386,0
85.8,0.246235446,0.186968995,1.003451703,1.0500022,0
85.9,0.231570661,0.181579919,0.994079952,1.036721365,0
86,0.222165599,0.162992613,0.989039359,1.026704923,0
86.1,0.225199078,0.167906042,0.989594718,1.028690804,0
86.2,0.237916399,0.185013228,0.984490879,1.029590403,0
86.3,0.240969226,0.18665224,0.990737889,1.0365649,0
86.4,0.224278229,0.167345312,1.004499935,1.042748914,0
86.5,0.213408167,0.183068443,0.991071714,1.030184567,0
86.6,0.116288123,0.021330165,1.121847361,1.128060018,0
86.7,0.521616163,0.040005733,0.871093932,1.016114422,0
86.8,0.40838199,0.307951825,0.92053707,1.05309006,0
86.9,0.06518094,0.314752979,1.317792234,1.356427058,0
87,0.355116738,0.189285211,0.905809594,0.991174964,0
87.1,0.403668067,0.157057971,0.895338329,0.994608384,0
87.2,0.571517832,0.150995186,1.00233417,1.163660589,0
87.3,0.461095986,0.223252894,0.882852017,1.020724766,0
87.4,0.325170269,0.040374613,0.830335574,0.892649415,0
87.5,0.377754321,-0.065509527,0.905770195,0.983569759,0
87.6,0.304639078,0.079095945,0.982454178,1.031638187,0
87.7,0.371319373,0.053390163,0.987318783,1.0561851,0
87.8,0.357799385,-0.125648014,0.905328757,0.981543673,0
87.9,0.334111641,-0.106190724,1.033629006,1.091465062,0
88,0.248105333,0.060875482,0.959030305,0.99247227,0
88.1,0.340747471,0.110921062,1.021302007,1.082344728,0
88.2,0.271850802,0.192329649,0.972453339,1.027890582,0
88.3,0.368820112,0.295804942,1.064357544,1.164639781,0
88.4,0.538545613,0.373156653,0.782435272,1.020530362,0
88.5,0.674591709,0.258815656,0.931724971,1.179055104,0
88.6,0.704498379,0.266320303,0.673091877,1.010097592,0
88.7,0.77327552,0.085053125,0.620287921,0.994960386,0
88.8,0.832829077,-0.086274741,0.671443217,1.073258401,0
88.9,0.830747729,-0.198831414,0.625241399,1.058585154,0
89,0.727984164,-0.312546186,0.606154376,0.997531548,0
89.1,0.67132748,-0.435207077,0.57253276,0.983808694,0
89.2,0.567466383,-0.563573077,0.562541242,0.977796174,0
89.3,0.508850848,-0.610306127,0.471558249,0.923996719,0
89.4,0.512880418,-0.678808942,0.417552234,0.947722412,0
89.5,0.553575988,-0.75400792,0.3902036,1.013525119,0
89.6,0.551475104,-0.727503623,0.388731067,0.992218804,0
89.7,0.578550687,-0.695360303,0.394180617,0.986724484,0
89.8,0.580550256,-0.760295775,0.334661084,1.013452666,0
89.9,0.543996759,-0.664267688,0.260999188,0.897387659,0
90,0.670744406,-0.735341476,0.133470262,1.004210862,0
90.1,0.661345466,-0.736061513,0.229090386,1.015700143,0
90.2,0.592242574,-0.73652251,0.16469561,0.959344213,0
90.3,0.635234693,-0.733006375,0.194391706,0.989246985,0
90.4,0.620453259,-0.752977039,0.148591611,0.986922558,0
90.5,0.610405596,-0.761837218,0.120344129,0.983602383,0
90.6,0.62011983,-0.741287717,0.172692238,0.981773239,0
90.7,0.662634507,-0.748074001,0.208072074,1.020780676,0
90.8,0.635863077,-0.732140857,0.146281312,0.980688691,0
90.9,0.6145491,-0.740792876,0.140355754,0.972699552,0
91,0.669322229,-0.742646953,0.164292301,1.013167658,0
91.1,0.637455567,-0.736630705,0.170102042,0.988892866,0
91.2,0.622839121,-0.73162047,0.154889259,0.973235719,0
91.3,0.6135609,-0.758610962,0.168425938,0.990108512,0
91.4,0.626807653,-0.764364244,0.123246962,0.996157791,0
91.5,0.661789338,-0.727390642,0.142074924,0.99360332,0
91.6,0.621655938,-0.745829519,0.166051306,0.985033407,0
91.7,0.612580841,-0.747311494,0.098707914,0.971325387,0
91.8,0.642452292,-0.757249705,0.136649588,1.002419659,0
91.9,0.626858011,-0.724310509,0.144525698,0.9687437,0
92,0.636409872,-0.742156984,0.137778836,0.987318349,0
92.1,0.618656323,-0.747639796,0.142774384,0.980859539,0
92.2,0.608031256,-0.764877766,0.137458858,0.986729417,0
92.3,0.636350192,-0.763264853,0.162874198,1.006996925,0
92.4,0.668784662,-0.75085023,0.170057221,1.019788434,0
92.5,0.641520437,-0.753037985,0.192904182,1.007882285,0
92.6,0.636946883,-0.74538614,0.186782937,0.998093029,0
92.7,0.599674107,-0.747005205,0.176028301,0.973967029,0
92.8,0.617992017,-0.766853217,0.189377842,1.002916725,0
92.9,0.593305277,-0.764896072,0.189655303,0.986431086,0
93,0.599871629,-0.76053577,0.178598723,0.984966057,1
93.1,0.567863363,-0.778781162,0.204241132,0.985232631,1
93.2,0.540047401,-0.788949676,0.18057153,0.972984514,1
93.3,0.220986018,-0.675628074,-0.220948128,0.744396527,1
93.4,-0.021768697,0.005866211,0.020932409,0.030764498,1
93.5,-0.011177229,0.020254837,0.04125668,0.047300132,1
93.6,0.181681707,-0.407430683,0.475954886,0.652335081,1
93.7,-0.119444259,-0.070225348,0.030520513,0.141880345,1
93.8,0.724714779,-0.176945442,3.959684185,4.029344866,1
93.9,0.362536431,0.069792793,1.677902221,1.718039453,1
94,0.305815327,0.014685088,0.891283813,0.942404107,1
94.1,0.272331337,0.039265411,0.974311485,1.012417404,1
94.2,0.287724426,0.046795556,0.996134362,1.037910804,1
94.3,0.283541218,0.036029279,0.99512208,1.035355825,1
94.4,0.278680554,0.027884051,0.975758903,1.015158021,1
94.5,0.300461019,0.0295558,0.993986998,1.038826512,0
94.6,0.286526662,0.047531583,0.989098077,1.030859731,0
94.7,0.28603284,0.044779854,0.989628146,1.031108088,0
94.8,0.286427039,0.042274281,0.998597199,1.039723006,0
94.9,0.291256588,0.049818078,0.988519425,1.031737803,0
95,0.277087847,0.031730347,0.981712025,1.020560135,0
95.1,0.290095106,0.025750255,0.97299786,1.015649094,0
95.2,0.302641561,0.042522964,0.978333229,1.024956596,0
95.3,0.294720021,0.02369977,0.979791309,1.023431766,0
95.4,0.296311015,0.031980106,1.001673085,1.045070291,0
95.5,0.294267178,0.038025578,0.992523654,1.035925828,0
95.6,0.300746275,0.026466696,0.970849141,1.016708839,0
95.7,0.282542542,0.028178855,1.048228029,1.086004759,0
95.8,0.288796081,0.034271289,0.96249839,1.005475434,0
95.9,0.274150953,0.049224912,0.993612706,1.031914748,0
96,0.259489574,0.024232476,0.997599727,1.031080631,0
96.1,0.266431365,0.051181207,0.98346484,1.020200117,0
96.2,0.266570897,0.052532609,0.987574335,1.02426695,0
96.3,0.282457533,0.029675022,0.966475488,1.007341915,0
96.4,0.25899527,0.051911473,0.987633023,1.022346487,0
96.5,0.277351069,0.014121635,0.982302033,1.020803762,0
96.6,0.269603977,0.056436681,0.985320815,1.023097508,0
96.7,-0.007078263,0.170657805,1.009686073,1.024031325,0
96.8,-0.011680527,0.228130921,0.896765383,0.925401699,0
96.9,0.009648672,0.063868353,0.971813144,0.973957417,0
97,0.123527247,0.14386736,0.983669456,1.001779615,0
97.1,0.147351048,0.135309644,1.003319581,1.023069505,0
97.2,0.136353486,0.125660232,1.013566926,1.030388607,0
97.3,0.132498771,0.152532284,0.994687096,1.014999725,0
97.4,0.13377096,0.153799129,0.969090189,0.990295227,0
97.5,0.390372174,0.177413237,0.945730973,1.038399232,0
97.6,0.068778568,0.135493681,1.09901867,1.109473328,0
97.7,0.121605969,0.105873158,1.04852009,1.060844718,0
97.8,-0.010893253,0.235785758,1.02604384,1.052843554,0
97.9,-0.181519023,0.305637103,0.986643562,1.048727187,0
98,0.460576494,0.070082818,1.024666244,1.125603491,0
98.1,0.048570992,0.248290353,0.967612056,1.000140156,0
98.2,0.417832135,0.116971565,1.023904447,1.112046023,0
98.3,0.187537309,0.166420498,1.088367427,1.116874962,0
98.4,0.201011425,0.247436011,1.064608865,1.11131553,0
98.5,0.168904272,0.245498819,1.043402824,1.085121088,0
98.6,0.361570442,0.181329766,1.190123244,1.256983295,0
98.7,0.119139471,0.24427909,1.252647036,1.281792138,0
98.8,0.127193615,0.202503079,1.073691315,1.099999433,0
98.9,0.186930465,0.342906615,0.873891611,0.957190939,0
99,0.233995642,0.466418053,1.035361642,1.159428088,0
99.1,0.191260623,0.524455724,0.804763462,0.979427722,0
99.2,0.195839825,0.626637578,0.693954876,0.95530166,0
99.3,0.140815408,0.693141393,0.644754799,0.957069862,0
99.4,0.134498192,0.784288078,0.684618124,1.049714022,0
99.5,0.357786204,0.75580476,0.631772599,1.048040276,0
99.6,0.203568022,0.833220458,0.528855048,1.007662609,0
99.7,0.077270302,0.887130563,0.486919784,1.014919805,0
99.8,0.110626092,0.723960419,0.453755638,0.8615399,0
99.9,0.038252764,0.820118737,0.645578575,1.044427936,0
100,-0.04719929,0.880566495,0.646962118,1.093702477,0
100.1,-0.039734332,0.863890454,0.585234512,1.044215001,0
100.2,-0.051406942,0.820610256,0.523438569,0.974695748,0
100.3,-0.058609388,0.923249314,0.568978681,1.086076008,0
100.4,-0.022653256,0.862361474,0.478208925,0.986338815,0
100.5,0.051756318,0.788146635,0.406257664,0.888199935,0
100.6,0.003430314,0.833656568,0.538565901,0.99249598,0
100.7,-0.039249348,0.881439262,0.537574024,1.033180292,0
100.8,-0.013142524,0.881121847,0.548417246,1.037935408,0
100.9,-0.003148926,0.847542622,0.509843552,0.989079804,0
101,-0.021784871,0.887414961,0.549863644,1.044188642,0
101.1,-0.008645074,0.874566837,0.53042665,1.022885292,0
101.2,-0.038356466,0.890171783,0.528788321,1.036095609,0
101.3,-0.035637494,0.897635471,0.562588512,1.059964765,0
101.4,-0.036994841,0.913394894,0.573253254,1.079017212,0
101.5,0.000770682,0.873824972,0.542620715,1.028595118,0
101.6,-0.032834524,0.905392073,0.542656447,1.056072408,0
101.7,-0.045235492,0.901067625,0.51352671,1.038113094,0
101.8,-0.035164034,0.877720994,0.5011305,1.011317176,0
101.9,-0.026783121,0.892300659,0.531643434,1.039019991,0
102,-0.020853904,0.894230624,0.553854663,1.05206382,0
102.1,-0.009314377,0.896653628,0.523565628,1.038361909,0
102.2,-0.027580058,0.902542508,0.528323551,1.046168922,0
102.3,-0.011408964,0.881176233,0.499517717,1.01297565,0
102.4,-0.044777319,0.878056656,0.500871293,1.011859947,0
102.5,-0.0818211,0.875839925,0.530882997,1.027437114,0
102.6,-0.024031172,0.945390072,0.509742262,1.074326328,0
102.7,-0.024100369,0.909985891,0.510063554,1.04346537,0
102.8,-0.044961895,0.907113824,0.558936091,1.06643641,0
102.9,-0.001650715,0.936508179,0.512862168,1.067744303,0
103,-0.018445295,0.905154943,0.507246735,1.037759582,1
103.1,-0.004314627,0.837603769,0.406342606,0.930974223,1
103.2,-0.053849662,0.298100467,0.108003819,0.321603015,1
103.3,-0.016139192,0.025783571,0.015000959,0.033915997,1
103.4,-0.009537456,0.029426413,0.0312002,0.043935513,1
103.5,1.185736829,4.859036988,-1.964905025,5.373738367,1
103.6,-0.004291995,-0.04813924,-0.173730889,0.180328116,1
103.7,-0.059314958,0.139854281,0.931134766,0.943445513,1
103.8,0.228895857,0.201802629,0.97934579,1.025785451,1
103.9,0.455308448,0.366776058,0.754060205,0.954168356,1
104,0.413144477,0.208581665,0.997387995,1.099535121,1
104.1,0.257050493,0.195385208,0.985537286,1.037079591,1
104.2,0.263854359,0.212018552,0.955038989,1.013247482,1
104.3,0.275247812,0.193256755,0.977045044,1.033308545,1
104.4,0.271593386,0.184953289,0.965760228,1.020129161,1
104.5,0.281211503,0.210352539,0.962246608,1.024327406,0
104.6,0.255848694,0.192320929,0.966779419,1.018385162,0
104.7,0.251680797,0.190931236,0.968826981,1.019030755,0
104.8,0.29654513,0.214257805,0.956181004,1.023780999,0
104.9,0.235663708,0.179666212,1.001735344,1.044648759,0
105,0.352888052,0.13967953,0.939820381,1.01355942,0
105.1,0.25916177,0.193467061,1.013418058,1.063771821,0
105.2,0.281716512,0.16507075,0.972701054,1.026040879,0
105.3,0.356652521,0.144759133,0.981764027,1.054522087,0
105.4,0.306546582,0.212483974,0.906510886,0.980246006,0
105.5,0.486362381,0.320901668,1.018600377,1.173487526,0
105.6,0.175269378,0.266520523,0.920182946,0.973904101,0
105.7,0.033243235,0.367332876,1.093343579,1.153879862,0
105.8,0.27856321,0.390395003,0.989834518,1.099899129,0
105.9,0.298763817,0.435581286,0.894745806,1.039019217,0
106,0.232654455,0.606914559,0.965921101,1.164249523,0
106.1,0.245998987,0.572356145,0.980247651,1.161461371,0
106.2,0.345350725,0.561873789,0.814358463,1.04792604,0
106.3,0.460041069,0.551162153,0.612545735,0.943731838,0
106.4,0.484086274,0.513126542,0.690117174,0.986863761,0
106.5,0.646936956,0.486641002,0.564410612,0.986866875,0
106.6,0.644730558,0.539726333,0.551392432,1.005492725,0
106.7,0.625008149,0.4836227,0.51182861,0.941538437,0
106.8,0.694618349,0.532641867,0.520980446,1.018637636,0
106.9,0.660493744,0.562359311,0.48049654,0.991653622,0
107,0.700210823,0.583748578,0.496209528,1.037921719,0
107.1,0.732291802,0.63042461,0.495702403,1.086005223,0
107.2,0.777402156,0.680688326,0.601227015,1.195476739,0
107.3,0.682120616,0.651759428,0.449693036,1.045132869,0
107.4,0.712842731,0.633896578,0.440741188,1.050819883,0
107.5,0.626789089,0.688598541,0.500105776,1.056947633,0
107.6,0.630051729,0.637477832,0.377778503,0.972656036,0
107.7,0.56648466,0.730792293,0.472670432,1.038450568,0
107.8,0.585992905,0.768470539,0.513249538,1.094239344,0
107.9,0.595154103,0.77360225,0.441726522,1.071350161,0
108,0.537281133,0.77279787,0.456718678,1.04617375,0
108.1,0.511330506,0.729012627,0.417752835,0.983583107,0
108.2,0.498566066,0.745518759,0.35727026,0.965405811,0
108.3,0.489199488,0.75133386,0.361986604,0.96687797,0
108.4,0.468792835,0.770118923,0.357195154,0.969761958,0
108.5,0.482391671,0.795953899,0.383504509,1.00663799,0
108.6,0.496475475,0.804478159,0.430031917,1.03855691,0
108.7,0.538618937,0.800311852,0.440791233,1.060616015,0
108.8,0.568172009,0.762906397,0.376724721,1.023116375,0
108.9,0.546333924,0.776253308,0.388303122,1.02558728,0
109,0.532012231,0.79557284,0.415439115,1.043342138,0
109.1,0.54970378,0.768187618,0.384519118,1.019873234,0
109.2,0.546250573,0.785588831,0.387636205,1.032376543,0
109.3,0.525202823,0.780958323,0.372468821,1.012159538,0
109.4,0.533461667,0.793104947,0.394828265,1.034159642,0
109.5,0.526225192,0.773158989,0.394454497,1.01502814,0
109.6,0.534603781,0.79532547,0.423359997,1.047653327,0
109.7,0.53208513,0.806852361,0.417773453,1.052929236,0
109.8,0.538072213,0.792830561,0.404544221,1.040075974,0
109.9,0.522106584,0.78494207,0.392812076,1.021288728,0
110,0.519109888,0.794550623,0.418122225,1.037117141,0
110.1,0.521259659,0.79830625,0.433608096,1.047387455,0
110.2,0.536407188,0.781063404,0.417505308,1.035424258,0
110.3,0.522118593,0.799823147,0.424464369,1.045224805,0
110.4,0.503859324,0.783368754,0.394871926,1.011664303,0
110.5,0.535058563,0.768843359,0.424434674,1.02837375,0
110.6,0.510182843,0.79599047,0.45193392,1.047917759,0
110.7,0.510960294,0.770837478,0.422379182,1.016698093,0
110.8,0.509966571,0.804355755,0.456292107,1.056057087,0
110.9,0.52577351,0.791509504,0.443099359,1.048457019,0
111,0.531077087,0.774995522,0.44822832,1.040946472,0
111.1,0.498577184,0.787582409,0.447987662,1.034194471,0
111.2,0.499731876,0.783341313,0.423400056,1.021089207,0
111.3,0.510051443,0.812555193,0.473803076,1.069994286,0
111.4,0.546777439,0.780601693,0.446561842,1.052483753,0
111.5,0.519835057,0.793855411,0.440600264,1.046213885,0
111.6,0.521233228,0.757749058,0.438040173,1.018698634,0
111.7,0.514514281,0.773273216,0.428651188,1.02294587,0
111.8,0.52844718,0.788528232,0.450032414,1.050505768,0
111.9,0.511435496,0.793104634,0.456187562,1.048183342,0
112,0.514199122,0.771436162,0.45705047,1.033639019,0
112.1,0.520660108,0.781059724,0.458896905,1.044857698,0
112.2,0.52640819,0.783569743,0.472581909,1.055661302,0
112.3,0.513012594,0.76209864,0.465744076,1.029996992,0
112.4,0.513755488,0.771566123,0.467273344,1.038076761,0
112.5,0.487174429,0.741809938,0.475432091,1.006805136,0
112.6,0.497023036,0.744957671,0.465607316,1.009348306,0
112.7,0.511984815,0.768908582,0.482815677,1.042333841,0
112.8,0.503645526,0.779710051,0.486907304,1.048181903,0
112.9,0.502914456,0.762752075,0.4975265,1.040310673,0
113,0.498584577,0.780662465,0.508463953,1.056672161,1
113.1,0.499950834,0.762705107,0.505136821,1.042512889,1
113.2,0.493670567,0.722755062,0.469893011,0.993420832,1
113.3,0.04483121,0.252085497,0.169946457,0.307308857,1
113.4,0.000500291,0.025515725,0.027928204,0.037832355,1
113.5,0.007943079,0.01892818,0.046529435,0.050856237,1
113.6,-1.753353447,8.016052824,-1.726386497,8.385210881,1
113.7,0.009347864,0.006803852,0.013229763,0.017569906,1
113.8,0.56135062,0.469039492,2.980808857,3.069256263,1
113.9,-0.239104162,0.446356526,0.525413666,0.72970163,1
114,-0.26465971,0.238800713,0.93810915,1.003553347,1
114.1,-0.267786541,0.229542936,1.025123743,1.084102523,1
114.2,-0.250149842,0.237464694,0.984110547,1.04280295,1
114.3,-0.258857503,0.240366862,0.972662597,1.034821706,1
114.4,-0.240358621,0.234669493,0.967794054,1.024435146,1
114.5,-0.242624151,0.231017493,0.981354278,1.036962767,0
114.6,-0.263263079,0.215635799,0.977530732,1.035071292,0
114.7,-0.246040533,0.226711146,0.961135023,1.017700555,0
114.8,-0.252524849,0.22240952,0.977605176,1.033898774,0
114.9,-0.252309081,0.243710469,0.965261047,1.027026559,0
115,-0.256894339,0.236839471,0.957894328,1.019631885,0
115.1,-0.269005523,0.224016756,0.973923307,1.034927092,0
115.2,-0.251843764,0.265902931,0.976868284,1.043264729,0
115.3,-0.247553882,0.239738581,0.968776577,1.028243924,0
115.4,-0.261055994,0.217549938,0.952580349,1.011379023,0
115.5,-0.261817076,0.249536511,0.958160687,1.024152603,0
115.6,-0.265463894,0.231006689,0.966684456,1.028743898,0
115.7,-0.25441053,0.250866273,0.991594765,1.05400132,0
115.8,-0.246749858,0.224129077,0.970076659,1.025752436,0
115.9,-0.36320491,0.294346501,0.961635626,1.069252424,0
116,-0.160704528,0.274015849,0.936681952,0.989082256,0
116.1,-0.166529299,0.291600035,0.927921096,0.986813127,0
116.2,-0.09196512,0.269022562,1.008401289,1.047713645,0
116.3,-0.149941969,0.303099217,1.031141531,1.08517491,0
116.4,-0.143382012,0.288095087,0.993037421,1.043877627,0
116.5,-0.126809455,0.248132208,0.996542572,1.034769215,0
116.6,-0.106701956,0.266718266,0.952864718,0.995226161,0
116.7,-0.045032905,0.189102089,1.03960702,1.057624848,0
116.8,-0.145615137,0.218149607,0.869805669,0.908490463,0
116.9,-0.464460271,0.43668692,0.966726829,1.158006723,0
117,-0.403044694,0.288579444,0.95184957,1.07319184,0
117.1,-0.241159905,0.357081419,0.968829611,1.060328277,0
117.2,-0.213231921,0.382029547,1.018148251,1.108169792,0
117.3,-0.220168517,0.502459271,0.985643969,1.128021954,0
117.4,-0.044354101,0.550766017,0.946081163,1.095618574,0
117.5,0.026941077,0.54068443,0.91413009,1.062402605,0
117.6,0.073240089,0.659216219,0.79767901,1.037411171,0
117.7,0.202244295,0.754527924,0.731098924,1.069916249,0
117.8,0.201134139,0.783118315,0.706090429,1.073449082,0
117.9,0.280288032,0.7869375,0.677184727,1.075365596,0
118,0.295122389,0.800612265,0.597038958,1.041409017,0
118.1,0.302544375,0.791850052,0.603423368,1.040518796,0
118.2,0.262350586,0.822058118,0.549805674,1.023178214,0
118.3,0.232888018,0.86346413,0.570660722,1.060877369,0
118.4,0.188682532,0.850851572,0.514568459,1.012091989,0
118.5,0.168481341,0.884246411,0.459904522,1.010836212,0
118.6,0.124458986,0.9168344,0.426750924,1.018916929,0
118.7,0.054593915,0.956788576,0.457320714,1.06186963,0
118.8,0.080017621,0.923010945,0.373834824,0.9990518,0
118.9,0.100739925,0.904162951,0.307207845,0.96022697,0
119,0.091845027,0.97097549,0.323602371,1.027593016,0
119.1,0.154158592,0.910944137,0.357296636,0.990578103,0
119.2,0.120141896,0.96330612,0.376303206,1.041151698,0
119.3,0.120662506,0.96409744,0.353684942,1.033990499,0
119.4,0.151219769,0.980978386,0.374221543,1.060767541,0
119.5,0.137113932,0.978283009,0.353888121,1.049321056,0
119.6,0.12516954,0.949078161,0.345358262,1.017688115,0
119.7,0.113413338,0.987998474,0.317283471,1.043873733,0
119.8,0.119075492,0.983653074,0.334464873,1.045762446,0
119.9,0.173894166,1.025930068,0.355526347,1.099622967,0
120,0.133169628,1.03599445,0.338593236,1.098027336,0
120.1,0.106267658,1.035073179,0.301406162,1.083288962,0
120.2,0.155915496,0.987571204,0.236068144,1.027294843,0
120.3,0.080719255,1.007279955,0.21296615,1.03270668,0
120.4,0.021617055,1.079898565,0.230171471,1.104367291,0
120.5,0.044265391,1.013753249,0.183418571,1.031163152,0
120.6,0.06975139,1.00531012,0.181821702,1.02399845,0
120.7,0.109316617,0.913239273,0.188222216,0.938820374,0
120.8,0.03533834,1.019095844,0.232216246,1.045815243,0
120.9,0.033165763,1.033310613,0.153270318,1.045142374,0
121,0.056795169,0.959600366,0.167132847,0.975700744,0
121.1,0.046561105,1.041016921,0.191906379,1.059581155,0
121.2,0.081362185,0.954035172,0.159625084,0.970712667,0
121.3,0.033645548,0.993199869,0.185307283,1.010899002,0
121.4,-8.44E-05,1.088783454,0.211792604,1.109191383,0
121.5,0.060562957,0.997409067,0.152741739,1.01085249,0
121.6,0.054735671,1.014439208,0.194582794,1.034381634,0
121.7,0.04815587,1.029286686,0.198312902,1.049322675,0
121.8,0.052370776,1.024876796,0.175916486,1.041182863,0
121.9,0.04071868,1.019245823,0.172552723,1.034550386,0
122,0.027742743,1.008096746,0.158788074,1.020902719,0
122.1,0.023395115,1.022080862,0.183085633,1.038613002,0
122.2,0.03984171,1.013975199,0.181527197,1.030866232,0
122.3,0.074786185,0.978943033,0.172603982,0.996852331,0
122.4,0.052980889,1.045607801,0.184471023,1.063076764,0
122.5,0.034183617,1.043647582,0.191169276,1.061562286,0
122.6,0.053035062,1.033290419,0.194955059,1.052857675,0
122.7,0.030475953,1.030009858,0.187938257,1.047458772,0
122.8,0.02523064,1.023684015,0.187861173,1.041084707,0
122.9,0.031785436,1.003216674,0.160421439,1.016459073,0
123,0.056287245,1.000502353,0.173832651,1.017050148,1
123.1,0.047282068,1.063200147,0.208751246,1.08453088,1
123.2,0.071811892,0.999239491,0.196312664,1.020869811,1
123.3,0.06236103,1.01875818,0.202458977,1.040551183,1
123.4,-0.009981474,1.01068827,0.169724653,1.024888709,1
123.5,0.041415411,1.002724618,0.151589124,1.014963624,1
123.6,0.055015277,1.000663433,0.210319092,1.024005912,1
123.7,0.024964502,1.02965186,0.228730113,1.05504675,1
123.8,0.006401738,1.057377581,0.207404484,1.0775458,1
123.9,0.075486321,1.018440738,0.203632262,1.041338475,1
124,0.068912795,0.943262098,0.15000726,0.957598317,1
124.1,0.023212059,0.772218296,0.149118263,0.786826634,1
124.2,0.14685496,0.323391743,-0.054566955,0.359341274,1
124.3,0.002099917,0.035923386,0.015532925,0.039194018,1
124.4,0.00722629,0.018103496,0.033836043,0.039049118,1
124.5,0.244863895,-0.985512665,4.151196296,4.27359617,0
124.6,0.206513777,-0.521351926,0.828916944,1.000779232,0
124.7,0.246405999,0.035080299,1.102316641,1.130065715,0
124.8,0.142515444,-0.120513552,0.960729801,0.978690921,0
124.9,0.021612986,0.015901121,1.013517819,1.013872939,0
125,0.049741641,0.006723018,1.034056662,1.035274171,0
125.1,0.035292429,0.028717856,1.012703816,1.013725451,0
125.2,0.043769648,0.001210763,1.027023389,1.027956366,0
125.3,0.047498189,0.023659573,1.016924862,1.018308415,0
125.4,0.046061056,0.024610144,1.040778835,1.042088222,0
125.5,0.050594469,0.017979681,1.0173198,1.018735807,0
125.6,0.040825026,0.003253346,1.055056101,1.055850673,0
125.7,0.058490068,0.014573063,1.010608695,1.012404759,0
125.8,-0.010407139,0.090697996,0.86632077,0.871117737,0
125.9,0.015197566,0.034230968,0.997735393,0.9984381,0
126,0.05557855,0.099561618,0.942610845,0.949482331,0
126.1,0.117023784,0.071257114,0.97751005,0.987065368,0
126.2,0.062417057,0.031446086,0.938152418,0.940752202,0
126.3,0.06424735,0.031582157,1.004705411,1.007252758,0
126.4,-0.0130741,0.116596346,1.099667137,1.105908428,0
126.5,0.121932754,0.031952248,1.071035736,1.078427601,0
126.6,0.151437949,0.094744543,1.105927401,1.120261308,0
126.7,0.038115407,0.092628635,1.161289051,1.16560075,0
126.8,0.005760923,0.161789425,1.167936239,1.179103076,0
126.9,-0.051215243,0.14000088,1.118578777,1.128468754,0
127,-0.118012872,0.26308351,1.072980601,1.111047857,0
127.1,-0.152394053,0.376359727,0.886595395,0.975152289,0
127.2,-0.252304078,0.412198233,0.974994625,1.088200005,0
127.3,-0.38789233,0.427285532,0.716297369,0.919845262,0
127.4,-0.486901918,0.553444285,0.683063546,1.004962617,0
127.5,-0.497973089,0.670062138,0.646954526,1.056177364,0
127.6,-0.444600948,0.704655013,0.464875635,0.954105888,0
127.7,-0.47970379,0.743059612,0.404020969,0.972361176,0
127.8,-0.608469667,0.692983677,0.233594882,0.951329744,0
127.9,-0.642052336,0.728668998,0.2223375,0.996305011,0
128,-0.672328481,0.73928768,0.213437405,1.021825516,0
128.1,-0.660912489,0.72178974,0.332800846,1.033703125,0
128.2,-0.659500493,0.735380753,0.285351503,1.028178599,0
128.3,-0.65980142,0.743716955,0.257230379,1.026947073,0
128.4,-0.639701483,0.745387994,0.216074293,1.005738211,0
128.5,-0.642221566,0.738585197,0.219723971,1.003112784,0
128.6,-0.650780092,0.766867321,0.233138323,1.032450335,0
128.7,-0.591713455,0.759974516,0.256021999,0.996610928,0
128.8,-0.577897062,0.791299048,0.284363632,1.020285192,0
128.9,-0.612854207,0.779939424,0.286680503,1.032512225,0
129,-0.649829378,0.793514692,0.267943145,1.06006477,0
129.1,-0.683416938,0.745353418,0.285926391,1.050887401,0
129.2,-0.618846219,0.761357865,0.281653001,1.020766797,0
129.3,-0.61075322,0.785871926,0.308106199,1.041894241,0
129.4,-0.640904646,0.744884996,0.304373837,1.028715634,0
129.5,-0.65511278,0.73785444,0.304251042,1.032555386,0
129.6,-0.659776438,0.740241159,0.299173516,1.035744522,0
129.7,-0.683648029,0.735802732,0.31306423,1.052040636,0
129.8,-0.650181835,0.755183721,0.260913217,1.030104159,0
129.9,-0.732370209,0.759196579,0.318879415,1.102011638,0
130,-0.616166865,0.765937802,0.258323651,1.016392361,0
130.1,-0.672891084,0.702834042,0.381140718,1.045000645,0
130.2,-0.609913544,0.791870788,0.35510516,1.060732554,0
130.3,-0.637786651,0.728097732,0.257131456,1.001506218,0
130.4,-0.623373511,0.76570122,0.319239622,1.037693032,0
130.5,-0.619268107,0.74373467,0.289809039,1.010259138,0
130.6,-0.647499671,0.77044956,0.2564008,1.038551741,0
130.7,-0.618226777,0.746114084,0.267411818,1.005186378,0
130.8,-0.675756943,0.77386684,0.281840164,1.065340889,0
130.9,-0.629633342,0.778993492,0.253776819,1.033281994,0
131,-0.678407524,0.769776552,0.307469221,1.071134926,0
131.1,-0.666229684,0.756322761,0.301594903,1.052067296,0
131.2,-0.60468946,0.763307002,0.247345289,1.004722158,0
131.3,-0.615037779,0.76352839,0.230250623,1.007105963,0
131.4,-0.701142045,0.726460241,0.309941067,1.056128834,0
131.5,-0.664090678,0.743755864,0.303652789,1.04230237,0
131.6,-0.694527373,0.748391009,0.270664393,1.056274864,0
131.7,-0.650960243,0.76379929,0.262323753,1.037281227,0
131.8,-0.663617284,0.742797401,0.275672291,1.033504277,0
131.9,-0.689039403,0.733107591,0.295677288,1.048640595,0
